epsilon,model,kind,count,originalLatencyMs,originalServiceMs,figLatencyMs,figServiceMs,figQueueMs,figCompensationMs,p,runDir
0.1,DPKI,cross-domain,200,126.83745076878175,126.3392269986868,125.30039927048784,124.80217550039292,0.49822377009494173,0.0,0.0,C:\Users\admin\Desktop\Blockchain_based DPKI platform\DPKI-and--platform-\dpki-experiment-prototype\outputs\real_sweeps\p_experiment\final_r2000_p_0_r2000
0.1,DPKI,intra-off-chain,1260,62.96336317587466,62.96336317587466,61.42048825465498,61.42048825465498,0.0,0.0,0.0,C:\Users\admin\Desktop\Blockchain_based DPKI platform\DPKI-and--platform-\dpki-experiment-prototype\outputs\real_sweeps\p_experiment\final_r2000_p_0_r2000
0.1,DPKI,intra-on-chain,540,127.13718776789518,126.74874351841432,125.61219980063804,125.22375555115717,0.38844424948087247,0.0,0.0,C:\Users\admin\Desktop\Blockchain_based DPKI platform\DPKI-and--platform-\dpki-experiment-prototype\outputs\real_sweeps\p_experiment\final_r2000_p_0_r2000
0.1,PKI,cross-domain,200,201.72243096451726,199.61982150137425,206.86578496866855,197.70683799624442,2.070225462424132,7.08872151,0.0,C:\Users\admin\Desktop\Blockchain_based DPKI platform\DPKI-and--platform-\dpki-experiment-prototype\outputs\real_sweeps\p_experiment\final_r2000_p_0_r2000
0.1,PKI,intra-pki,1800,59.99493844107923,58.483899277150634,62.45218913997441,57.98743927859598,1.5796723013784264,2.8850775599999996,0.0,C:\Users\admin\Desktop\Blockchain_based DPKI platform\DPKI-and--platform-\dpki-experiment-prototype\outputs\real_sweeps\p_experiment\final_r2000_p_0_r2000
0.1,DPKI,cross-domain,190,126.25881750781922,125.83731526512848,124.65658908245447,124.23508683976374,0.42150224269073655,0.0,0.05,C:\Users\admin\Desktop\Blockchain_based DPKI platform\DPKI-and--platform-\dpki-experiment-prototype\outputs\real_sweeps\p_experiment\final_r2000_p_0p05_r2000
0.1,DPKI,intra-off-chain,1197,63.282005179545834,63.282005179545834,61.7947799442406,61.7947799442406,0.0,0.0,0.05,C:\Users\admin\Desktop\Blockchain_based DPKI platform\DPKI-and--platform-\dpki-experiment-prototype\outputs\real_sweeps\p_experiment\final_r2000_p_0p05_r2000
0.1,DPKI,intra-on-chain,513,130.10480951081033,129.29903937664182,128.5015276357075,127.69575750153896,0.8057701341685278,0.0,0.05,C:\Users\admin\Desktop\Blockchain_based DPKI platform\DPKI-and--platform-\dpki-experiment-prototype\outputs\real_sweeps\p_experiment\final_r2000_p_0p05_r2000
0.1,DPKI,management,100,273.14577652532955,273.029698997736,208.72573250968358,208.60965498209,0.11607752759358846,0.0,0.05,C:\Users\admin\Desktop\Blockchain_based DPKI platform\DPKI-and--platform-\dpki-experiment-prototype\outputs\real_sweeps\p_experiment\final_r2000_p_0p05_r2000
0.1,PKI,cross-domain,190,205.30758161180748,201.9312863177375,210.39790679857842,199.98373631019342,3.325448978384999,7.088721510000001,0.05,C:\Users\admin\Desktop\Blockchain_based DPKI platform\DPKI-and--platform-\dpki-experiment-prototype\outputs\real_sweeps\p_experiment\final_r2000_p_0p05_r2000
0.1,PKI,intra-pki,1710,61.24917960358858,58.60594239750801,63.63053512519393,58.09884034963379,2.6466172155601404,2.8850775599999996,0.05,C:\Users\admin\Desktop\Blockchain_based DPKI platform\DPKI-and--platform-\dpki-experiment-prototype\outputs\real_sweeps\p_experiment\final_r2000_p_0p05_r2000
0.1,PKI,management,100,167.59962794943283,164.92829199910165,166.5163659588868,163.87378500938416,2.6425809495026624,0.0,0.05,C:\Users\admin\Desktop\Blockchain_based DPKI platform\DPKI-and--platform-\dpki-experiment-prototype\outputs\real_sweeps\p_experiment\final_r2000_p_0p05_r2000
0.1,DPKI,cross-domain,180,125.75961728417909,124.57068722214964,124.2384083909194,123.04947832889027,1.1889300620291274,0.0,0.1,C:\Users\admin\Desktop\Blockchain_based DPKI platform\DPKI-and--platform-\dpki-experiment-prototype\outputs\real_sweeps\p_experiment\final_r2000_p_0p1_r2000
0.1,DPKI,intra-off-chain,1134,64.34350335188013,64.34350335188013,62.83806375778121,62.83806375778121,0.0,0.0,0.1,C:\Users\admin\Desktop\Blockchain_based DPKI platform\DPKI-and--platform-\dpki-experiment-prototype\outputs\real_sweeps\p_experiment\final_r2000_p_0p1_r2000
0.1,DPKI,intra-on-chain,486,125.55050724915476,125.00937427880832,124.02529553019427,123.48416255984777,0.5411329703464928,0.0,0.1,C:\Users\admin\Desktop\Blockchain_based DPKI platform\DPKI-and--platform-\dpki-experiment-prototype\outputs\real_sweeps\p_experiment\final_r2000_p_0p1_r2000
0.1,DPKI,management,200,284.3908830448677,284.1971205034852,217.1762570383839,216.98249449700117,0.19376254138274818,0.0,0.1,C:\Users\admin\Desktop\Blockchain_based DPKI platform\DPKI-and--platform-\dpki-experiment-prototype\outputs\real_sweeps\p_experiment\final_r2000_p_0p1_r2000
0.1,PKI,cross-domain,180,201.3598299461894,198.7796111120118,206.47398257128677,196.84395889176264,2.5413021695241294,7.088721510000001,0.1,C:\Users\admin\Desktop\Blockchain_based DPKI platform\DPKI-and--platform-\dpki-experiment-prototype\outputs\real_sweeps\p_experiment\final_r2000_p_0p1_r2000
0.1,PKI,intra-pki,1620,61.334714814941535,57.99811524689933,63.70876214122942,57.496456049989774,3.327228531239637,2.8850775599999996,0.1,C:\Users\admin\Desktop\Blockchain_based DPKI platform\DPKI-and--platform-\dpki-experiment-prototype\outputs\real_sweeps\p_experiment\final_r2000_p_0p1_r2000
0.1,PKI,management,200,167.89482553698232,165.50446150004865,166.81951552338927,164.465936986506,2.3535785368832878,0.0,0.1,C:\Users\admin\Desktop\Blockchain_based DPKI platform\DPKI-and--platform-\dpki-experiment-prototype\outputs\real_sweeps\p_experiment\final_r2000_p_0p1_r2000
0.1,DPKI,cross-domain,170,129.07075529164683,128.01906235603724,127.4249364621104,126.37324352650081,1.0516929356095823,0.0,0.15,C:\Users\admin\Desktop\Blockchain_based DPKI platform\DPKI-and--platform-\dpki-experiment-prototype\outputs\real_sweeps\p_experiment\final_r2000_p_0p15_r2000
0.1,DPKI,intra-off-chain,1071,64.25131185855074,64.25131185855074,62.77137628116973,62.77137628116973,0.0,0.0,0.15,C:\Users\admin\Desktop\Blockchain_based DPKI platform\DPKI-and--platform-\dpki-experiment-prototype\outputs\real_sweeps\p_experiment\final_r2000_p_0p15_r2000
0.1,DPKI,intra-on-chain,459,125.68499534646581,123.7277357279605,124.11699883298559,122.15973921448057,1.957259618505017,0.0,0.15,C:\Users\admin\Desktop\Blockchain_based DPKI platform\DPKI-and--platform-\dpki-experiment-prototype\outputs\real_sweeps\p_experiment\final_r2000_p_0p15_r2000
0.1,DPKI,management,300,283.3261899230023,281.85761000096795,213.16379592747901,211.69521600544454,1.4685799220345022,0.0,0.15,C:\Users\admin\Desktop\Blockchain_based DPKI platform\DPKI-and--platform-\dpki-experiment-prototype\outputs\real_sweeps\p_experiment\final_r2000_p_0p15_r2000
0.1,PKI,cross-domain,170,201.94238323292734,199.76134411832865,207.08250120928102,197.84253705424422,2.1512426450368367,7.088721510000001,0.15,C:\Users\admin\Desktop\Blockchain_based DPKI platform\DPKI-and--platform-\dpki-experiment-prototype\outputs\real_sweeps\p_experiment\final_r2000_p_0p15_r2000
0.1,PKI,intra-pki,1530,62.50939418394775,58.25598411645765,64.89767785499684,57.74770385303528,4.264896441961546,2.88507756,0.15,C:\Users\admin\Desktop\Blockchain_based DPKI platform\DPKI-and--platform-\dpki-experiment-prototype\outputs\real_sweeps\p_experiment\final_r2000_p_0p15_r2000
0.1,PKI,management,300,170.60560621890787,168.52239766716957,169.51798822813532,167.47612201015156,2.0418662179837703,0.0,0.15,C:\Users\admin\Desktop\Blockchain_based DPKI platform\DPKI-and--platform-\dpki-experiment-prototype\outputs\real_sweeps\p_experiment\final_r2000_p_0p15_r2000
0.1,DPKI,cross-domain,160,123.55721526686962,123.0015087492764,121.93407401648244,121.37836749888956,0.5557065175928756,0.0,0.2,C:\Users\admin\Desktop\Blockchain_based DPKI platform\DPKI-and--platform-\dpki-experiment-prototype\outputs\real_sweeps\p_experiment\final_r2000_p_0p2_r2000
0.1,DPKI,intra-off-chain,1008,63.68116498076253,63.68116498076253,62.178244348083226,62.178244348083226,0.0,0.0,0.2,C:\Users\admin\Desktop\Blockchain_based DPKI platform\DPKI-and--platform-\dpki-experiment-prototype\outputs\real_sweeps\p_experiment\final_r2000_p_0p2_r2000
0.1,DPKI,intra-on-chain,432,128.6770453816668,126.90733935159666,127.03439884405563,125.26469281398587,1.7697060300697474,0.0,0.2,C:\Users\admin\Desktop\Blockchain_based DPKI platform\DPKI-and--platform-\dpki-experiment-prototype\outputs\real_sweeps\p_experiment\final_r2000_p_0p2_r2000
0.1,DPKI,management,400,279.8552519128661,278.2138789997995,212.69121715897697,211.04984424591063,1.6413729130663341,0.0,0.2,C:\Users\admin\Desktop\Blockchain_based DPKI platform\DPKI-and--platform-\dpki-experiment-prototype\outputs\real_sweeps\p_experiment\final_r2000_p_0p2_r2000
0.1,PKI,cross-domain,160,208.24160268242014,205.4204931218177,213.34573493157205,203.49313187524677,2.7638815463252913,7.088721510000001,0.2,C:\Users\admin\Desktop\Blockchain_based DPKI platform\DPKI-and--platform-\dpki-experiment-prototype\outputs\real_sweeps\p_experiment\final_r2000_p_0p2_r2000
0.1,PKI,intra-pki,1440,63.96427513860913,58.88000541652242,66.54876156159074,58.37312979147666,5.290554210114075,2.8850775599999996,0.2,C:\Users\admin\Desktop\Blockchain_based DPKI platform\DPKI-and--platform-\dpki-experiment-prototype\outputs\real_sweeps\p_experiment\final_r2000_p_0p2_r2000
0.1,PKI,management,400,169.07388451973827,166.56641549944877,167.98709002266563,165.5208500020206,2.4662400206450092,0.0,0.2,C:\Users\admin\Desktop\Blockchain_based DPKI platform\DPKI-and--platform-\dpki-experiment-prototype\outputs\real_sweeps\p_experiment\final_r2000_p_0p2_r2000
0.1,DPKI,cross-domain,150,132.01728585838512,128.30804200013478,130.4815165241487,126.772272665898,3.709243858250702,0.0,0.25,C:\Users\admin\Desktop\Blockchain_based DPKI platform\DPKI-and--platform-\dpki-experiment-prototype\outputs\real_sweeps\p_experiment\final_r2000_p_0p25_r2000
0.1,DPKI,intra-off-chain,945,63.587686560898234,63.587686560898234,62.11482878759425,62.11482878759425,0.0,0.0,0.25,C:\Users\admin\Desktop\Blockchain_based DPKI platform\DPKI-and--platform-\dpki-experiment-prototype\outputs\real_sweeps\p_experiment\final_r2000_p_0p25_r2000
0.1,DPKI,intra-on-chain,405,128.03892313861476,125.99683827117637,126.38509006104285,124.34300519360437,2.0420848674384726,0.0,0.25,C:\Users\admin\Desktop\Blockchain_based DPKI platform\DPKI-and--platform-\dpki-experiment-prototype\outputs\real_sweeps\p_experiment\final_r2000_p_0p25_r2000
0.1,DPKI,management,500,282.51436704369473,280.6249956008196,216.14336404045522,214.25399259757995,1.8893714428752755,0.0,0.25,C:\Users\admin\Desktop\Blockchain_based DPKI platform\DPKI-and--platform-\dpki-experiment-prototype\outputs\real_sweeps\p_experiment\final_r2000_p_0p25_r2000
0.1,PKI,cross-domain,150,203.60077383998447,200.04925399859746,208.71087670789308,198.1248413538933,3.497313843999849,7.08872151,0.25,C:\Users\admin\Desktop\Blockchain_based DPKI platform\DPKI-and--platform-\dpki-experiment-prototype\outputs\real_sweeps\p_experiment\final_r2000_p_0p25_r2000
0.1,PKI,intra-pki,1350,63.69899691607719,57.599930222652574,66.02568629183466,57.08713118332404,6.053477548510617,2.8850775599999996,0.25,C:\Users\admin\Desktop\Blockchain_based DPKI platform\DPKI-and--platform-\dpki-experiment-prototype\outputs\real_sweeps\p_experiment\final_r2000_p_0p25_r2000
0.1,PKI,management,500,168.4059107769964,165.54563719987868,167.27979007505718,164.48203539764881,2.7977546774083604,0.0,0.25,C:\Users\admin\Desktop\Blockchain_based DPKI platform\DPKI-and--platform-\dpki-experiment-prototype\outputs\real_sweeps\p_experiment\final_r2000_p_0p25_r2000
0.1,DPKI,cross-domain,140,130.92564402491843,127.27107928778445,129.4588754493523,125.80431071221828,3.6545647371339975,0.0,0.3,C:\Users\admin\Desktop\Blockchain_based DPKI platform\DPKI-and--platform-\dpki-experiment-prototype\outputs\real_sweeps\p_experiment\final_r2000_p_0p3_r2000
0.1,DPKI,intra-off-chain,882,64.52686247148482,64.52686247148482,62.97951564692856,62.97951564692856,0.0,0.0,0.3,C:\Users\admin\Desktop\Blockchain_based DPKI platform\DPKI-and--platform-\dpki-experiment-prototype\outputs\real_sweeps\p_experiment\final_r2000_p_0p3_r2000
0.1,DPKI,intra-on-chain,378,129.7291417416844,126.16509788298103,128.14000946820326,124.57596560950002,3.564043858703237,0.0,0.3,C:\Users\admin\Desktop\Blockchain_based DPKI platform\DPKI-and--platform-\dpki-experiment-prototype\outputs\real_sweeps\p_experiment\final_r2000_p_0p3_r2000
0.1,DPKI,management,600,282.0833828247998,279.74390716602403,215.25220265680642,212.91272699803113,2.3394756587753,0.0,0.3,C:\Users\admin\Desktop\Blockchain_based DPKI platform\DPKI-and--platform-\dpki-experiment-prototype\outputs\real_sweeps\p_experiment\final_r2000_p_0p3_r2000
0.1,PKI,cross-domain,140,198.83458447207266,196.72313285725457,203.93189813807462,194.77377143927984,2.0694051887948133,7.08872151,0.3,C:\Users\admin\Desktop\Blockchain_based DPKI platform\DPKI-and--platform-\dpki-experiment-prototype\outputs\real_sweeps\p_experiment\final_r2000_p_0p3_r2000
0.1,PKI,intra-pki,1260,64.48879081591775,58.03253618999133,66.85601472376177,57.516928252625085,6.454008911136685,2.8850775599999996,0.3,C:\Users\admin\Desktop\Blockchain_based DPKI platform\DPKI-and--platform-\dpki-experiment-prototype\outputs\real_sweeps\p_experiment\final_r2000_p_0p3_r2000
0.1,PKI,management,600,166.57738167987083,164.83252583295106,165.53922634460812,163.8105706641078,1.7286556805003177,0.0,0.3,C:\Users\admin\Desktop\Blockchain_based DPKI platform\DPKI-and--platform-\dpki-experiment-prototype\outputs\real_sweeps\p_experiment\final_r2000_p_0p3_r2000
0.1,DPKI,cross-domain,130,134.6534893556644,129.30810769154476,132.93695397678607,127.59157231266681,5.345381664119262,0.0,0.35,C:\Users\admin\Desktop\Blockchain_based DPKI platform\DPKI-and--platform-\dpki-experiment-prototype\outputs\real_sweeps\p_experiment\final_r2000_p_0p35_r2000
0.1,DPKI,intra-off-chain,819,64.05461477447342,64.05461477447342,62.5372971917829,62.5372971917829,0.0,0.0,0.35,C:\Users\admin\Desktop\Blockchain_based DPKI platform\DPKI-and--platform-\dpki-experiment-prototype\outputs\real_sweeps\p_experiment\final_r2000_p_0p35_r2000
0.1,DPKI,intra-on-chain,351,131.8354933489599,128.02518689377695,130.30167767976187,126.49137122457863,3.8103064551832153,0.0,0.35,C:\Users\admin\Desktop\Blockchain_based DPKI platform\DPKI-and--platform-\dpki-experiment-prototype\outputs\real_sweeps\p_experiment\final_r2000_p_0p35_r2000
0.1,DPKI,management,700,285.7843127961648,282.42125671293053,217.29166951000494,213.92861342677048,3.3630560832344716,0.0,0.35,C:\Users\admin\Desktop\Blockchain_based DPKI platform\DPKI-and--platform-\dpki-experiment-prototype\outputs\real_sweeps\p_experiment\final_r2000_p_0p35_r2000
0.1,PKI,cross-domain,130,200.39562585388956,196.0631707723324,205.53794352897768,194.19650308994147,4.252718929036257,7.08872151,0.35,C:\Users\admin\Desktop\Blockchain_based DPKI platform\DPKI-and--platform-\dpki-experiment-prototype\outputs\real_sweeps\p_experiment\final_r2000_p_0p35_r2000
0.1,PKI,intra-pki,1170,69.05741226810373,58.7499901709903,71.35586768938758,58.246329998053035,10.224460131334535,2.8850775599999996,0.35,C:\Users\admin\Desktop\Blockchain_based DPKI platform\DPKI-and--platform-\dpki-experiment-prototype\outputs\real_sweeps\p_experiment\final_r2000_p_0p35_r2000
0.1,PKI,management,700,168.24495500252362,166.73106671375888,167.22458032478886,165.71396885744164,1.5106114673472386,0.0,0.35,C:\Users\admin\Desktop\Blockchain_based DPKI platform\DPKI-and--platform-\dpki-experiment-prototype\outputs\real_sweeps\p_experiment\final_r2000_p_0p35_r2000
0.1,DPKI,cross-domain,120,138.62568057521284,131.42565333396198,137.06783723825413,129.8678099970023,7.200027241251852,0.0,0.4,C:\Users\admin\Desktop\Blockchain_based DPKI platform\DPKI-and--platform-\dpki-experiment-prototype\outputs\real_sweeps\p_experiment\final_r2000_p_0p4_r2000
0.1,DPKI,intra-off-chain,756,65.3129249995663,65.3129249995663,63.80168412602137,63.80168412602137,0.0,0.0,0.4,C:\Users\admin\Desktop\Blockchain_based DPKI platform\DPKI-and--platform-\dpki-experiment-prototype\outputs\real_sweeps\p_experiment\final_r2000_p_0p4_r2000
0.1,DPKI,intra-on-chain,324,137.1288668511993,130.24208672712615,135.549861300744,128.66308117667097,6.886780124073017,0.0,0.4,C:\Users\admin\Desktop\Blockchain_based DPKI platform\DPKI-and--platform-\dpki-experiment-prototype\outputs\real_sweeps\p_experiment\final_r2000_p_0p4_r2000
0.1,DPKI,management,800,288.42253630233427,284.43865212477743,219.66241917958004,215.67853500202298,3.983884177557049,0.0,0.4,C:\Users\admin\Desktop\Blockchain_based DPKI platform\DPKI-and--platform-\dpki-experiment-prototype\outputs\real_sweeps\p_experiment\final_r2000_p_0p4_r2000
0.1,PKI,cross-domain,120,204.503697857922,197.65531166692574,209.56826102722985,195.71422249476115,6.765317022468689,7.08872151,0.4,C:\Users\admin\Desktop\Blockchain_based DPKI platform\DPKI-and--platform-\dpki-experiment-prototype\outputs\real_sweeps\p_experiment\final_r2000_p_0p4_r2000
0.1,PKI,intra-pki,1080,66.64854814630095,56.85169870307048,68.90486174822912,56.33889759409207,9.68088659413705,2.88507756,0.4,C:\Users\admin\Desktop\Blockchain_based DPKI platform\DPKI-and--platform-\dpki-experiment-prototype\outputs\real_sweeps\p_experiment\final_r2000_p_0p4_r2000
0.1,PKI,management,800,165.8724975832871,164.73386325001718,164.82340608365314,163.697302749753,1.1261033339001336,0.0,0.4,C:\Users\admin\Desktop\Blockchain_based DPKI platform\DPKI-and--platform-\dpki-experiment-prototype\outputs\real_sweeps\p_experiment\final_r2000_p_0p4_r2000
0.1,DPKI,cross-domain,110,137.12160796067937,128.39897818294438,135.6564825072083,126.93385272947225,8.72262977773604,0.0,0.45,C:\Users\admin\Desktop\Blockchain_based DPKI platform\DPKI-and--platform-\dpki-experiment-prototype\outputs\real_sweeps\p_experiment\final_r2000_p_0p45_r2000
0.1,DPKI,intra-off-chain,693,65.15600230795309,65.15600230795309,63.63103145885605,63.63103145885605,0.0,0.0,0.45,C:\Users\admin\Desktop\Blockchain_based DPKI platform\DPKI-and--platform-\dpki-experiment-prototype\outputs\real_sweeps\p_experiment\final_r2000_p_0p45_r2000
0.1,DPKI,intra-on-chain,297,132.034252025394,125.66800841759351,130.43941431387768,124.07317070607786,6.366243607799841,0.0,0.45,C:\Users\admin\Desktop\Blockchain_based DPKI platform\DPKI-and--platform-\dpki-experiment-prototype\outputs\real_sweeps\p_experiment\final_r2000_p_0p45_r2000
0.1,DPKI,management,900,288.9294303800708,283.6018875566456,220.46395293395182,215.1364101105266,5.327542823425192,0.0,0.45,C:\Users\admin\Desktop\Blockchain_based DPKI platform\DPKI-and--platform-\dpki-experiment-prototype\outputs\real_sweeps\p_experiment\final_r2000_p_0p45_r2000
0.1,PKI,cross-domain,110,204.6232159960053,199.0800018213012,209.70852113791062,197.17101999412884,5.448779633781747,7.088721510000002,0.45,C:\Users\admin\Desktop\Blockchain_based DPKI platform\DPKI-and--platform-\dpki-experiment-prototype\outputs\real_sweeps\p_experiment\final_r2000_p_0p45_r2000
0.1,PKI,intra-pki,990,70.55407558754949,58.418460201073174,72.80703574984256,57.91305999990666,12.00889818993591,2.8850775599999996,0.45,C:\Users\admin\Desktop\Blockchain_based DPKI platform\DPKI-and--platform-\dpki-experiment-prototype\outputs\real_sweeps\p_experiment\final_r2000_p_0p45_r2000
0.1,PKI,management,900,167.41957650080673,165.5138194445769,166.3861404725283,164.4816462212801,1.9044942512481875,0.0,0.45,C:\Users\admin\Desktop\Blockchain_based DPKI platform\DPKI-and--platform-\dpki-experiment-prototype\outputs\real_sweeps\p_experiment\final_r2000_p_0p45_r2000
0.1,DPKI,cross-domain,100,133.0312193495919,124.24861500382423,131.392682341425,122.61007799565792,8.782604345767067,0.0,0.5,C:\Users\admin\Desktop\Blockchain_based DPKI platform\DPKI-and--platform-\dpki-experiment-prototype\outputs\real_sweeps\p_experiment\final_r2000_p_0p5_r2000
0.1,DPKI,intra-off-chain,630,64.96794857307086,64.96794857307086,63.45167539526546,63.45167539526546,0.0,0.0,0.5,C:\Users\admin\Desktop\Blockchain_based DPKI platform\DPKI-and--platform-\dpki-experiment-prototype\outputs\real_sweeps\p_experiment\final_r2000_p_0p5_r2000
0.1,DPKI,intra-on-chain,270,134.52551707018765,126.31174111101362,132.9442907745124,124.73051481533933,8.213775959173088,0.0,0.5,C:\Users\admin\Desktop\Blockchain_based DPKI platform\DPKI-and--platform-\dpki-experiment-prototype\outputs\real_sweeps\p_experiment\final_r2000_p_0p5_r2000
0.1,DPKI,management,1000,284.00430560033243,278.179979398787,217.83286500106956,212.0085387995243,5.824326201545251,0.0,0.5,C:\Users\admin\Desktop\Blockchain_based DPKI platform\DPKI-and--platform-\dpki-experiment-prototype\outputs\real_sweeps\p_experiment\final_r2000_p_0p5_r2000
0.1,PKI,cross-domain,100,210.36250083793834,199.7646129977703,215.37263735147621,197.83312800228595,10.450787839190234,7.088721510000002,0.5,C:\Users\admin\Desktop\Blockchain_based DPKI platform\DPKI-and--platform-\dpki-experiment-prototype\outputs\real_sweeps\p_experiment\final_r2000_p_0p5_r2000
0.1,PKI,intra-pki,900,72.80115963918635,58.869073666731516,75.09715948237255,58.36232377827167,13.849758144100884,2.8850775599999996,0.5,C:\Users\admin\Desktop\Blockchain_based DPKI platform\DPKI-and--platform-\dpki-experiment-prototype\outputs\real_sweeps\p_experiment\final_r2000_p_0p5_r2000
0.1,PKI,management,1000,168.75990740828217,166.85838110047578,167.71435107965746,165.8429744964242,1.8713765832332792,0.0,0.5,C:\Users\admin\Desktop\Blockchain_based DPKI platform\DPKI-and--platform-\dpki-experiment-prototype\outputs\real_sweeps\p_experiment\final_r2000_p_0p5_r2000
