runDir,lambda,meanBlockMs,configuredLambdaBlock
C:\Users\admin\Desktop\Blockchain_based DPKI platform\DPKI-and-DID-platform-Lenovo\chain33-dpki-real-experiment\outputs\real_sweeps\lambda_experiment\scout_aggressive_three_lambdap_120_100_90_r200_lambda20_blockms_90_lambda_2_r200,2.0,90.0,11.11111111111111
C:\Users\admin\Desktop\Blockchain_based DPKI platform\DPKI-and-DID-platform-Lenovo\chain33-dpki-real-experiment\outputs\real_sweeps\lambda_experiment\scout_aggressive_three_lambdap_120_100_90_r200_lambda20_blockms_90_lambda_4_r200,4.0,90.0,11.11111111111111
C:\Users\admin\Desktop\Blockchain_based DPKI platform\DPKI-and-DID-platform-Lenovo\chain33-dpki-real-experiment\outputs\real_sweeps\lambda_experiment\scout_aggressive_three_lambdap_120_100_90_r200_lambda20_blockms_90_lambda_6_r200,6.0,90.0,11.11111111111111
C:\Users\admin\Desktop\Blockchain_based DPKI platform\DPKI-and-DID-platform-Lenovo\chain33-dpki-real-experiment\outputs\real_sweeps\lambda_experiment\scout_aggressive_three_lambdap_120_100_90_r200_lambda20_blockms_90_lambda_8_r200,8.0,90.0,11.11111111111111
C:\Users\admin\Desktop\Blockchain_based DPKI platform\DPKI-and-DID-platform-Lenovo\chain33-dpki-real-experiment\outputs\real_sweeps\lambda_experiment\scout_aggressive_three_lambdap_120_100_90_r200_lambda20_blockms_90_lambda_10_r200,10.0,90.0,11.11111111111111
C:\Users\admin\Desktop\Blockchain_based DPKI platform\DPKI-and-DID-platform-Lenovo\chain33-dpki-real-experiment\outputs\real_sweeps\lambda_experiment\scout_aggressive_three_lambdap_120_100_90_r200_lambda20_blockms_90_lambda_12_r200,12.0,90.0,11.11111111111111
C:\Users\admin\Desktop\Blockchain_based DPKI platform\DPKI-and-DID-platform-Lenovo\chain33-dpki-real-experiment\outputs\real_sweeps\lambda_experiment\scout_aggressive_three_lambdap_120_100_90_r200_lambda20_blockms_90_lambda_14_r200,14.0,90.0,11.11111111111111
C:\Users\admin\Desktop\Blockchain_based DPKI platform\DPKI-and-DID-platform-Lenovo\chain33-dpki-real-experiment\outputs\real_sweeps\lambda_experiment\scout_aggressive_three_lambdap_120_100_90_r200_lambda20_blockms_90_lambda_16_r200,16.0,90.0,11.11111111111111
C:\Users\admin\Desktop\Blockchain_based DPKI platform\DPKI-and-DID-platform-Lenovo\chain33-dpki-real-experiment\outputs\real_sweeps\lambda_experiment\scout_aggressive_three_lambdap_120_100_90_r200_lambda20_blockms_90_lambda_18_r200,18.0,90.0,11.11111111111111
C:\Users\admin\Desktop\Blockchain_based DPKI platform\DPKI-and-DID-platform-Lenovo\chain33-dpki-real-experiment\outputs\real_sweeps\lambda_experiment\scout_aggressive_three_lambdap_120_100_90_r200_lambda20_blockms_90_lambda_20_r200,20.0,90.0,11.11111111111111
C:\Users\admin\Desktop\Blockchain_based DPKI platform\DPKI-and-DID-platform-Lenovo\chain33-dpki-real-experiment\outputs\real_sweeps\lambda_experiment\scout_aggressive_three_lambdap_120_100_90_r200_lambda20_blockms_100_lambda_2_r200,2.0,100.0,10.0
C:\Users\admin\Desktop\Blockchain_based DPKI platform\DPKI-and-DID-platform-Lenovo\chain33-dpki-real-experiment\outputs\real_sweeps\lambda_experiment\scout_aggressive_three_lambdap_120_100_90_r200_lambda20_blockms_100_lambda_4_r200,4.0,100.0,10.0
C:\Users\admin\Desktop\Blockchain_based DPKI platform\DPKI-and-DID-platform-Lenovo\chain33-dpki-real-experiment\outputs\real_sweeps\lambda_experiment\scout_aggressive_three_lambdap_120_100_90_r200_lambda20_blockms_100_lambda_6_r200,6.0,100.0,10.0
C:\Users\admin\Desktop\Blockchain_based DPKI platform\DPKI-and-DID-platform-Lenovo\chain33-dpki-real-experiment\outputs\real_sweeps\lambda_experiment\scout_aggressive_three_lambdap_120_100_90_r200_lambda20_blockms_100_lambda_8_r200,8.0,100.0,10.0
C:\Users\admin\Desktop\Blockchain_based DPKI platform\DPKI-and-DID-platform-Lenovo\chain33-dpki-real-experiment\outputs\real_sweeps\lambda_experiment\scout_aggressive_three_lambdap_120_100_90_r200_lambda20_blockms_100_lambda_10_r200,10.0,100.0,10.0
C:\Users\admin\Desktop\Blockchain_based DPKI platform\DPKI-and-DID-platform-Lenovo\chain33-dpki-real-experiment\outputs\real_sweeps\lambda_experiment\scout_aggressive_three_lambdap_120_100_90_r200_lambda20_blockms_100_lambda_12_r200,12.0,100.0,10.0
C:\Users\admin\Desktop\Blockchain_based DPKI platform\DPKI-and-DID-platform-Lenovo\chain33-dpki-real-experiment\outputs\real_sweeps\lambda_experiment\scout_aggressive_three_lambdap_120_100_90_r200_lambda20_blockms_100_lambda_14_r200,14.0,100.0,10.0
C:\Users\admin\Desktop\Blockchain_based DPKI platform\DPKI-and-DID-platform-Lenovo\chain33-dpki-real-experiment\outputs\real_sweeps\lambda_experiment\scout_aggressive_three_lambdap_120_100_90_r200_lambda20_blockms_100_lambda_16_r200,16.0,100.0,10.0
C:\Users\admin\Desktop\Blockchain_based DPKI platform\DPKI-and-DID-platform-Lenovo\chain33-dpki-real-experiment\outputs\real_sweeps\lambda_experiment\scout_aggressive_three_lambdap_120_100_90_r200_lambda20_blockms_100_lambda_18_r200,18.0,100.0,10.0
C:\Users\admin\Desktop\Blockchain_based DPKI platform\DPKI-and-DID-platform-Lenovo\chain33-dpki-real-experiment\outputs\real_sweeps\lambda_experiment\scout_aggressive_three_lambdap_120_100_90_r200_lambda20_blockms_100_lambda_20_r200,20.0,100.0,10.0
C:\Users\admin\Desktop\Blockchain_based DPKI platform\DPKI-and-DID-platform-Lenovo\chain33-dpki-real-experiment\outputs\real_sweeps\lambda_experiment\scout_aggressive_three_lambdap_120_100_90_r200_lambda20_blockms_120_lambda_2_r200,2.0,120.0,8.333333333333334
C:\Users\admin\Desktop\Blockchain_based DPKI platform\DPKI-and-DID-platform-Lenovo\chain33-dpki-real-experiment\outputs\real_sweeps\lambda_experiment\scout_aggressive_three_lambdap_120_100_90_r200_lambda20_blockms_120_lambda_4_r200,4.0,120.0,8.333333333333334
C:\Users\admin\Desktop\Blockchain_based DPKI platform\DPKI-and-DID-platform-Lenovo\chain33-dpki-real-experiment\outputs\real_sweeps\lambda_experiment\scout_aggressive_three_lambdap_120_100_90_r200_lambda20_blockms_120_lambda_6_r200,6.0,120.0,8.333333333333334
C:\Users\admin\Desktop\Blockchain_based DPKI platform\DPKI-and-DID-platform-Lenovo\chain33-dpki-real-experiment\outputs\real_sweeps\lambda_experiment\scout_aggressive_three_lambdap_120_100_90_r200_lambda20_blockms_120_lambda_8_r200,8.0,120.0,8.333333333333334
C:\Users\admin\Desktop\Blockchain_based DPKI platform\DPKI-and-DID-platform-Lenovo\chain33-dpki-real-experiment\outputs\real_sweeps\lambda_experiment\scout_aggressive_three_lambdap_120_100_90_r200_lambda20_blockms_120_lambda_10_r200,10.0,120.0,8.333333333333334
C:\Users\admin\Desktop\Blockchain_based DPKI platform\DPKI-and-DID-platform-Lenovo\chain33-dpki-real-experiment\outputs\real_sweeps\lambda_experiment\scout_aggressive_three_lambdap_120_100_90_r200_lambda20_blockms_120_lambda_12_r200,12.0,120.0,8.333333333333334
C:\Users\admin\Desktop\Blockchain_based DPKI platform\DPKI-and-DID-platform-Lenovo\chain33-dpki-real-experiment\outputs\real_sweeps\lambda_experiment\scout_aggressive_three_lambdap_120_100_90_r200_lambda20_blockms_120_lambda_14_r200,14.0,120.0,8.333333333333334
C:\Users\admin\Desktop\Blockchain_based DPKI platform\DPKI-and-DID-platform-Lenovo\chain33-dpki-real-experiment\outputs\real_sweeps\lambda_experiment\scout_aggressive_three_lambdap_120_100_90_r200_lambda20_blockms_120_lambda_16_r200,16.0,120.0,8.333333333333334
C:\Users\admin\Desktop\Blockchain_based DPKI platform\DPKI-and-DID-platform-Lenovo\chain33-dpki-real-experiment\outputs\real_sweeps\lambda_experiment\scout_aggressive_three_lambdap_120_100_90_r200_lambda20_blockms_120_lambda_18_r200,18.0,120.0,8.333333333333334
C:\Users\admin\Desktop\Blockchain_based DPKI platform\DPKI-and-DID-platform-Lenovo\chain33-dpki-real-experiment\outputs\real_sweeps\lambda_experiment\scout_aggressive_three_lambdap_120_100_90_r200_lambda20_blockms_120_lambda_20_r200,20.0,120.0,8.333333333333334
