epsilon,model,kind,count,originalLatencyMs,originalServiceMs,figLatencyMs,figServiceMs,figQueueMs,figCompensationMs,M,runDir
0.1,DPKI,cross-domain,900,137.59765192346663,136.1335542209943,122.42967481411398,120.96557711164157,1.4640977024724209,0.0,2.0,C:\Users\admin\Desktop\Blockchain_based DPKI platform\DPKI-and-DID-platform-Lenovo\chain33-dpki-real-experiment\outputs\real_sweeps\M_experiment\final_same_trace_lambda28_M2_9_r10000_M_2_lambda_28_r10000
0.1,DPKI,intra-off-chain,8100,212.54790519065028,79.13857651854003,95.41650650653483,63.71085734582242,31.705649160712426,0.0,2.0,C:\Users\admin\Desktop\Blockchain_based DPKI platform\DPKI-and-DID-platform-Lenovo\chain33-dpki-real-experiment\outputs\real_sweeps\M_experiment\final_same_trace_lambda28_M2_9_r10000_M_2_lambda_28_r10000
0.1,DPKI,management,1000,331.56444627882655,330.0577181991339,249.9331697842639,248.42644170457126,1.506728079692621,0.0,2.0,C:\Users\admin\Desktop\Blockchain_based DPKI platform\DPKI-and-DID-platform-Lenovo\chain33-dpki-real-experiment\outputs\real_sweeps\M_experiment\final_same_trace_lambda28_M2_9_r10000_M_2_lambda_28_r10000
0.1,PKI,cross-domain,900,418.59695875697065,197.54097566597991,409.82741851337255,195.5554789964358,207.1832180069367,7.08872151,2.0,C:\Users\admin\Desktop\Blockchain_based DPKI platform\DPKI-and-DID-platform-Lenovo\chain33-dpki-real-experiment\outputs\real_sweeps\M_experiment\final_same_trace_lambda28_M2_9_r10000_M_2_lambda_28_r10000
0.1,PKI,intra-pki,8100,273.2289572205041,49.17892437006956,261.3302488792015,48.662449160468434,209.78272215873307,2.8850775599999996,2.0,C:\Users\admin\Desktop\Blockchain_based DPKI platform\DPKI-and-DID-platform-Lenovo\chain33-dpki-real-experiment\outputs\real_sweeps\M_experiment\final_same_trace_lambda28_M2_9_r10000_M_2_lambda_28_r10000
0.1,PKI,management,1000,342.5654832750434,168.93375150018932,328.7336714355905,167.8411113001108,160.89256013547967,0.0,2.0,C:\Users\admin\Desktop\Blockchain_based DPKI platform\DPKI-and-DID-platform-Lenovo\chain33-dpki-real-experiment\outputs\real_sweeps\M_experiment\final_same_trace_lambda28_M2_9_r10000_M_2_lambda_28_r10000
0.1,DPKI,cross-domain,900,137.54808134871575,136.221677888102,121.86435357409593,120.53795011348194,1.326403460613976,0.0,3.0,C:\Users\admin\Desktop\Blockchain_based DPKI platform\DPKI-and-DID-platform-Lenovo\chain33-dpki-real-experiment\outputs\real_sweeps\M_experiment\final_same_trace_lambda28_M2_9_r10000_M_3_lambda_28_r10000
0.1,DPKI,intra-off-chain,8100,89.09797283652354,79.02383708663929,67.60545578521423,63.816343297597804,3.7891124876164297,0.0,3.0,C:\Users\admin\Desktop\Blockchain_based DPKI platform\DPKI-and-DID-platform-Lenovo\chain33-dpki-real-experiment\outputs\real_sweeps\M_experiment\final_same_trace_lambda28_M2_9_r10000_M_3_lambda_28_r10000
0.1,DPKI,management,1000,331.6991954367545,330.0932703001499,251.1674043377426,249.561479201138,1.6059251366045724,0.0,3.0,C:\Users\admin\Desktop\Blockchain_based DPKI platform\DPKI-and-DID-platform-Lenovo\chain33-dpki-real-experiment\outputs\real_sweeps\M_experiment\final_same_trace_lambda28_M2_9_r10000_M_3_lambda_28_r10000
0.1,PKI,cross-domain,900,250.0822816516607,194.39033744434516,253.70761518449535,192.4414097779327,54.17748389656259,7.08872151,3.0,C:\Users\admin\Desktop\Blockchain_based DPKI platform\DPKI-and-DID-platform-Lenovo\chain33-dpki-real-experiment\outputs\real_sweeps\M_experiment\final_same_trace_lambda28_M2_9_r10000_M_3_lambda_28_r10000
0.1,PKI,intra-pki,8100,104.31675818214495,48.51612367946424,105.209080446451,48.00889428355076,54.315108602900274,2.8850775599999996,3.0,C:\Users\admin\Desktop\Blockchain_based DPKI platform\DPKI-and-DID-platform-Lenovo\chain33-dpki-real-experiment\outputs\real_sweeps\M_experiment\final_same_trace_lambda28_M2_9_r10000_M_3_lambda_28_r10000
0.1,PKI,management,1000,199.42776244909055,169.56941919761897,197.29885935675708,168.50871200454236,28.790147352214746,0.0,3.0,C:\Users\admin\Desktop\Blockchain_based DPKI platform\DPKI-and-DID-platform-Lenovo\chain33-dpki-real-experiment\outputs\real_sweeps\M_experiment\final_same_trace_lambda28_M2_9_r10000_M_3_lambda_28_r10000
0.1,DPKI,cross-domain,900,140.56209575713697,139.0784066680405,125.03007375473163,123.5463846656349,1.4836890890967334,0.0,4.0,C:\Users\admin\Desktop\Blockchain_based DPKI platform\DPKI-and-DID-platform-Lenovo\chain33-dpki-real-experiment\outputs\real_sweeps\M_experiment\final_same_trace_lambda28_M2_9_r10000_M_4_lambda_28_r10000
0.1,DPKI,intra-off-chain,8100,80.75543405216065,78.81425537006355,64.25343828797963,63.567955505369625,0.6854827826100072,0.0,4.0,C:\Users\admin\Desktop\Blockchain_based DPKI platform\DPKI-and-DID-platform-Lenovo\chain33-dpki-real-experiment\outputs\real_sweeps\M_experiment\final_same_trace_lambda28_M2_9_r10000_M_4_lambda_28_r10000
0.1,DPKI,management,1000,337.3048591941513,335.8897869001627,254.53286329560646,253.11779100161792,1.41507229398855,0.0,4.0,C:\Users\admin\Desktop\Blockchain_based DPKI platform\DPKI-and-DID-platform-Lenovo\chain33-dpki-real-experiment\outputs\real_sweeps\M_experiment\final_same_trace_lambda28_M2_9_r10000_M_4_lambda_28_r10000
0.1,PKI,cross-domain,900,227.82890481462096,195.29294077787134,232.22866777549206,193.3194746692313,31.820471596260727,7.08872151,4.0,C:\Users\admin\Desktop\Blockchain_based DPKI platform\DPKI-and-DID-platform-Lenovo\chain33-dpki-real-experiment\outputs\real_sweeps\M_experiment\final_same_trace_lambda28_M2_9_r10000_M_4_lambda_28_r10000
0.1,PKI,intra-pki,8100,81.85574189347236,49.34976656782774,83.55669520696438,48.83533904960862,31.836278597355783,2.8850775599999996,4.0,C:\Users\admin\Desktop\Blockchain_based DPKI platform\DPKI-and-DID-platform-Lenovo\chain33-dpki-real-experiment\outputs\real_sweeps\M_experiment\final_same_trace_lambda28_M2_9_r10000_M_4_lambda_28_r10000
0.1,PKI,management,1000,183.29893161555916,169.80757349926233,181.80953206854656,168.72229129505158,13.087240773495,0.0,4.0,C:\Users\admin\Desktop\Blockchain_based DPKI platform\DPKI-and-DID-platform-Lenovo\chain33-dpki-real-experiment\outputs\real_sweeps\M_experiment\final_same_trace_lambda28_M2_9_r10000_M_4_lambda_28_r10000
0.1,DPKI,cross-domain,900,141.19268881534882,139.7711654450496,125.71917914776695,124.29765577746763,1.4215233702993322,0.0,5.0,C:\Users\admin\Desktop\Blockchain_based DPKI platform\DPKI-and-DID-platform-Lenovo\chain33-dpki-real-experiment\outputs\real_sweeps\M_experiment\final_same_trace_lambda28_M2_9_r10000_M_5_lambda_28_r10000
0.1,DPKI,intra-off-chain,8100,79.37830882300507,78.98064497534139,63.889957257676826,63.752803753371595,0.13715350430523537,0.0,5.0,C:\Users\admin\Desktop\Blockchain_based DPKI platform\DPKI-and-DID-platform-Lenovo\chain33-dpki-real-experiment\outputs\real_sweeps\M_experiment\final_same_trace_lambda28_M2_9_r10000_M_5_lambda_28_r10000
0.1,DPKI,management,1000,334.09543454941615,332.7739766998291,253.66065855058537,252.3392007009983,1.3214578495870593,0.0,5.0,C:\Users\admin\Desktop\Blockchain_based DPKI platform\DPKI-and-DID-platform-Lenovo\chain33-dpki-real-experiment\outputs\real_sweeps\M_experiment\final_same_trace_lambda28_M2_9_r10000_M_5_lambda_28_r10000
0.1,PKI,cross-domain,900,219.0767655453036,195.76854710916678,223.58499842318722,193.79061522139443,22.705661691792773,7.08872151,5.0,C:\Users\admin\Desktop\Blockchain_based DPKI platform\DPKI-and-DID-platform-Lenovo\chain33-dpki-real-experiment\outputs\real_sweeps\M_experiment\final_same_trace_lambda28_M2_9_r10000_M_5_lambda_28_r10000
0.1,PKI,intra-pki,8100,74.33397410222622,48.989436913073796,76.19952937667746,48.47521346939199,24.839238347285484,2.8850775599999996,5.0,C:\Users\admin\Desktop\Blockchain_based DPKI platform\DPKI-and-DID-platform-Lenovo\chain33-dpki-real-experiment\outputs\real_sweeps\M_experiment\final_same_trace_lambda28_M2_9_r10000_M_5_lambda_28_r10000
0.1,PKI,management,1000,187.88742185492092,169.1414029006362,186.27614454690465,168.05849989926816,18.217644647636515,0.0,5.0,C:\Users\admin\Desktop\Blockchain_based DPKI platform\DPKI-and-DID-platform-Lenovo\chain33-dpki-real-experiment\outputs\real_sweeps\M_experiment\final_same_trace_lambda28_M2_9_r10000_M_5_lambda_28_r10000
0.1,DPKI,cross-domain,900,138.92790477210846,137.51894077791107,123.3826474380618,121.97368344386419,1.4089639941976182,0.0,6.0,C:\Users\admin\Desktop\Blockchain_based DPKI platform\DPKI-and-DID-platform-Lenovo\chain33-dpki-real-experiment\outputs\real_sweeps\M_experiment\final_same_trace_lambda28_M2_9_r10000_M_6_lambda_28_r10000
0.1,DPKI,intra-off-chain,8100,79.39474343370908,79.32835612370644,63.90338871557746,63.88281028370063,0.020578431876831556,0.0,6.0,C:\Users\admin\Desktop\Blockchain_based DPKI platform\DPKI-and-DID-platform-Lenovo\chain33-dpki-real-experiment\outputs\real_sweeps\M_experiment\final_same_trace_lambda28_M2_9_r10000_M_6_lambda_28_r10000
0.1,DPKI,management,1000,332.3612794975721,331.0228271985054,251.2525343030775,249.91408200401068,1.3384522990668197,0.0,6.0,C:\Users\admin\Desktop\Blockchain_based DPKI platform\DPKI-and-DID-platform-Lenovo\chain33-dpki-real-experiment\outputs\real_sweeps\M_experiment\final_same_trace_lambda28_M2_9_r10000_M_6_lambda_28_r10000
0.1,PKI,cross-domain,900,209.1512218230941,193.46762622243827,213.9662978306588,191.5120665531026,15.365509767556196,7.08872151,6.0,C:\Users\admin\Desktop\Blockchain_based DPKI platform\DPKI-and-DID-platform-Lenovo\chain33-dpki-real-experiment\outputs\real_sweeps\M_experiment\final_same_trace_lambda28_M2_9_r10000_M_6_lambda_28_r10000
0.1,PKI,intra-pki,8100,66.36914405722219,48.27457033344257,68.4253195602313,47.76488506165551,17.775356938575786,2.8850775599999996,6.0,C:\Users\admin\Desktop\Blockchain_based DPKI platform\DPKI-and-DID-platform-Lenovo\chain33-dpki-real-experiment\outputs\real_sweeps\M_experiment\final_same_trace_lambda28_M2_9_r10000_M_6_lambda_28_r10000
0.1,PKI,management,1000,176.96702715327538,168.71023310011626,175.65137454683327,167.62286200231313,8.028512544520128,0.0,6.0,C:\Users\admin\Desktop\Blockchain_based DPKI platform\DPKI-and-DID-platform-Lenovo\chain33-dpki-real-experiment\outputs\real_sweeps\M_experiment\final_same_trace_lambda28_M2_9_r10000_M_6_lambda_28_r10000
0.1,DPKI,cross-domain,900,137.3660889915819,136.15670288946893,121.39653009866969,120.1871439965566,1.2093861021130892,0.0,7.0,C:\Users\admin\Desktop\Blockchain_based DPKI platform\DPKI-and-DID-platform-Lenovo\chain33-dpki-real-experiment\outputs\real_sweeps\M_experiment\final_same_trace_lambda28_M2_9_r10000_M_7_lambda_28_r10000
0.1,DPKI,intra-off-chain,8100,79.168277181288,79.15525195058481,63.96511995872573,63.96035390144513,0.004766057280602256,0.0,7.0,C:\Users\admin\Desktop\Blockchain_based DPKI platform\DPKI-and-DID-platform-Lenovo\chain33-dpki-real-experiment\outputs\real_sweeps\M_experiment\final_same_trace_lambda28_M2_9_r10000_M_7_lambda_28_r10000
0.1,DPKI,management,1000,333.04282474581595,331.7694765005112,250.5068872502266,249.2335390049219,1.2733482453046814,0.0,7.0,C:\Users\admin\Desktop\Blockchain_based DPKI platform\DPKI-and-DID-platform-Lenovo\chain33-dpki-real-experiment\outputs\real_sweeps\M_experiment\final_same_trace_lambda28_M2_9_r10000_M_7_lambda_28_r10000
0.1,PKI,cross-domain,900,208.29646404561208,195.8254128894541,213.12759272140434,193.85525977313517,12.183611438269141,7.08872151,7.0,C:\Users\admin\Desktop\Blockchain_based DPKI platform\DPKI-and-DID-platform-Lenovo\chain33-dpki-real-experiment\outputs\real_sweeps\M_experiment\final_same_trace_lambda28_M2_9_r10000_M_7_lambda_28_r10000
0.1,PKI,intra-pki,8100,62.75777653695504,48.767465062215,64.85565773442977,48.25710808676702,13.713472087662735,2.8850775599999996,7.0,C:\Users\admin\Desktop\Blockchain_based DPKI platform\DPKI-and-DID-platform-Lenovo\chain33-dpki-real-experiment\outputs\real_sweeps\M_experiment\final_same_trace_lambda28_M2_9_r10000_M_7_lambda_28_r10000
0.1,PKI,management,1000,175.7652250585305,168.45339089971782,174.5372657440586,167.37901589787006,7.158249846188526,0.0,7.0,C:\Users\admin\Desktop\Blockchain_based DPKI platform\DPKI-and-DID-platform-Lenovo\chain33-dpki-real-experiment\outputs\real_sweeps\M_experiment\final_same_trace_lambda28_M2_9_r10000_M_7_lambda_28_r10000
0.1,DPKI,cross-domain,900,138.42008541728157,137.13911010854775,123.34147964151462,122.06050433278084,1.2809753087337938,0.0,8.0,C:\Users\admin\Desktop\Blockchain_based DPKI platform\DPKI-and-DID-platform-Lenovo\chain33-dpki-real-experiment\outputs\real_sweeps\M_experiment\final_same_trace_lambda28_M2_9_r10000_M_8_lambda_28_r10000
0.1,DPKI,intra-off-chain,8100,78.76291626674497,78.76077986449371,63.54990871702447,63.54990871702447,0.0,0.0,8.0,C:\Users\admin\Desktop\Blockchain_based DPKI platform\DPKI-and-DID-platform-Lenovo\chain33-dpki-real-experiment\outputs\real_sweeps\M_experiment\final_same_trace_lambda28_M2_9_r10000_M_8_lambda_28_r10000
0.1,DPKI,management,1000,334.23879179955554,332.81544799917936,252.00218159849484,250.5788377981186,1.423343800376254,0.0,8.0,C:\Users\admin\Desktop\Blockchain_based DPKI platform\DPKI-and-DID-platform-Lenovo\chain33-dpki-real-experiment\outputs\real_sweeps\M_experiment\final_same_trace_lambda28_M2_9_r10000_M_8_lambda_28_r10000
0.1,PKI,cross-domain,900,206.3711501073157,193.37464033265908,211.2119962050978,191.40293688674768,12.720337808350074,7.08872151,8.0,C:\Users\admin\Desktop\Blockchain_based DPKI platform\DPKI-and-DID-platform-Lenovo\chain33-dpki-real-experiment\outputs\real_sweeps\M_experiment\final_same_trace_lambda28_M2_9_r10000_M_8_lambda_28_r10000
0.1,PKI,intra-pki,8100,60.92449894516047,48.55892501225442,63.05555858896378,48.04517171591888,12.125309313044893,2.8850775599999996,8.0,C:\Users\admin\Desktop\Blockchain_based DPKI platform\DPKI-and-DID-platform-Lenovo\chain33-dpki-real-experiment\outputs\real_sweeps\M_experiment\final_same_trace_lambda28_M2_9_r10000_M_8_lambda_28_r10000
0.1,PKI,management,1000,172.9273357466316,168.4537809009552,171.7380074115868,167.36858979976176,4.36941761182504,0.0,8.0,C:\Users\admin\Desktop\Blockchain_based DPKI platform\DPKI-and-DID-platform-Lenovo\chain33-dpki-real-experiment\outputs\real_sweeps\M_experiment\final_same_trace_lambda28_M2_9_r10000_M_8_lambda_28_r10000
0.1,DPKI,cross-domain,900,137.78471406029792,136.53054088890553,122.00347428554117,120.74930111414857,1.2541731713926099,0.0,9.0,C:\Users\admin\Desktop\Blockchain_based DPKI platform\DPKI-and-DID-platform-Lenovo\chain33-dpki-real-experiment\outputs\real_sweeps\M_experiment\final_same_trace_lambda28_M2_9_r10000_M_9_lambda_28_r10000
0.1,DPKI,intra-off-chain,8100,78.53878804936085,78.53878804936085,63.27071060438215,63.27071060438215,0.0,0.0,9.0,C:\Users\admin\Desktop\Blockchain_based DPKI platform\DPKI-and-DID-platform-Lenovo\chain33-dpki-real-experiment\outputs\real_sweeps\M_experiment\final_same_trace_lambda28_M2_9_r10000_M_9_lambda_28_r10000
0.1,DPKI,management,1000,331.9246293263138,330.9220484994054,249.7300090212525,248.72742819434404,1.0025808269084577,0.0,9.0,C:\Users\admin\Desktop\Blockchain_based DPKI platform\DPKI-and-DID-platform-Lenovo\chain33-dpki-real-experiment\outputs\real_sweeps\M_experiment\final_same_trace_lambda28_M2_9_r10000_M_9_lambda_28_r10000
0.1,PKI,cross-domain,900,204.54782222523124,193.91084166705608,209.45599198611208,191.93587899923324,10.431391476878792,7.08872151,9.0,C:\Users\admin\Desktop\Blockchain_based DPKI platform\DPKI-and-DID-platform-Lenovo\chain33-dpki-real-experiment\outputs\real_sweeps\M_experiment\final_same_trace_lambda28_M2_9_r10000_M_9_lambda_28_r10000
0.1,PKI,intra-pki,8100,59.18409839570331,48.114503407721166,61.4073618492353,47.610905741681286,10.911378547554003,2.8850775599999996,9.0,C:\Users\admin\Desktop\Blockchain_based DPKI platform\DPKI-and-DID-platform-Lenovo\chain33-dpki-real-experiment\outputs\real_sweeps\M_experiment\final_same_trace_lambda28_M2_9_r10000_M_9_lambda_28_r10000
0.1,PKI,management,1000,172.5003419772648,167.52091900014878,171.3381593245978,166.45685770118237,4.881301623415426,0.0,9.0,C:\Users\admin\Desktop\Blockchain_based DPKI platform\DPKI-and-DID-platform-Lenovo\chain33-dpki-real-experiment\outputs\real_sweeps\M_experiment\final_same_trace_lambda28_M2_9_r10000_M_9_lambda_28_r10000
