epsilon,model,kind,count,originalLatencyMs,originalServiceMs,figLatencyMs,figServiceMs,figQueueMs,figCompensationMs
0.0,DPKI,intra-off-chain,1260,51.835358333918784,51.835358333918784,51.44167571519576,51.44167571519576,0.0,0.0
0.0,DPKI,intra-on-chain,540,99.1613847163998,98.75118333283397,98.75273860471277,98.34253722114696,0.41020138356581337,0.0
0.0,DPKI,management,200,202.23139709062787,201.54111800029875,201.43948609106155,200.7492070007324,0.6902790903291316,0.0
0.0,PKI,intra-pki,1800,171.28984692317778,158.1579154439933,53.09212669920137,48.16939899997579,2.0376501392255775,2.8850775599999996
0.0,PKI,management,200,196.4859609953853,187.93540800035,149.16745766449137,148.10040449529887,1.0670531691924958,0.0
0.05,DPKI,cross-domain,90,100.6991311116351,100.6991311116351,100.30180000232326,100.30180000232326,0.0,0.0
0.05,DPKI,intra-off-chain,1197,51.74244979066259,51.74244979066259,51.3436124470698,51.3436124470698,0.0,0.0
0.05,DPKI,intra-on-chain,513,103.71906006261682,103.60235945424374,103.25372906834816,103.13702845997513,0.11670060837303232,0.0
0.05,DPKI,management,200,205.226162738243,204.84570399969817,204.4690147343668,204.08855599582196,0.3804587385448576,0.0
0.05,PKI,cross-domain,90,596.7686653913817,577.0953344437811,200.47410739168788,191.8482344498237,1.5371514318641857,7.088721510000001
0.05,PKI,intra-pki,1710,181.36521797484897,168.95761029230573,52.85652113728367,48.720949356928905,1.2504942203547604,2.8850775599999996
0.05,PKI,management,200,216.19372069517962,196.6278329999745,148.89107761788662,147.63161750197412,1.2594601159125158,0.0
0.1,DPKI,cross-domain,180,103.17788166732485,102.18572611096832,102.77623166754044,101.78407611118422,0.9921555563562126,0.0
0.1,DPKI,intra-off-chain,1134,51.65914021206385,51.65914021206385,51.26905731877847,51.26905731877847,0.0,0.0
0.1,DPKI,intra-on-chain,486,102.27568139793698,102.15470658414404,101.88252934110022,101.76155452730724,0.1209748137929779,0.0
0.1,DPKI,management,200,205.9338971361988,205.7634009990096,205.1883886373513,205.01789250016213,0.17049613718918408,0.0
0.1,PKI,cross-domain,180,619.8029333746082,612.639030555884,200.14728996834725,192.4698050002257,0.5887634581215632,7.088721510000001
0.1,PKI,intra-pki,1620,190.2911464971703,174.8841682717756,53.27597398338631,48.09328518476751,2.297611238618786,2.8850775599999996
0.1,PKI,management,200,203.03472159001518,192.90713600084186,152.53084934015348,151.7768254995346,0.7540238406188655,0.0
0.15,DPKI,cross-domain,270,102.22257812646752,101.83631963023433,101.82642553542462,101.44016703919128,0.38625849623333325,0.0
0.15,DPKI,intra-off-chain,1071,52.0154380954169,52.0154380954169,51.624199066787654,51.624199066787654,0.0,0.0
0.15,DPKI,intra-on-chain,459,102.58300089445952,102.12603355096836,102.17924141597567,101.72227407248451,0.4569673434911523,0.0
0.15,DPKI,management,200,205.61744759337947,205.4988259999454,204.8721510946934,204.75352950125932,0.11862159343407257,0.0
0.15,PKI,cross-domain,270,653.0440612610091,637.0772325920838,200.09807467802497,191.99401259047013,1.015340577554862,7.08872151
0.15,PKI,intra-pki,1530,194.79197881217837,179.84133398678958,53.074034701819336,47.92161575127271,2.2673413905466195,2.88507756
0.15,PKI,management,200,201.42347272042403,188.06456599891186,147.35262479672573,146.44409400030972,0.9085307964160347,0.0
0.2,DPKI,cross-domain,360,102.94581039640849,102.01379888877273,102.54249789567659,101.61048638804091,0.9320115076356766,0.0
0.2,DPKI,intra-off-chain,1008,52.00525367050062,52.00525367050062,51.6052635903692,51.6052635903692,0.0,0.0
0.2,DPKI,intra-on-chain,432,104.17010147407962,103.53033588012612,103.77068920689352,103.1309236129401,0.6397655939534254,0.0
0.2,DPKI,management,200,204.04106930283328,203.2093679997325,203.30824580592534,202.47654450282454,0.8317013031007809,0.0
0.2,PKI,cross-domain,360,636.0664648247053,621.85642361078,198.07648737049442,189.9039458327823,1.0838200277120955,7.08872151
0.2,PKI,intra-pki,1440,191.1944751912293,177.83166458316975,53.03152695633409,47.77664763983339,2.3698017565006935,2.8850775599999996
0.2,PKI,management,200,206.8553221364978,192.84790300011636,151.2176749507631,150.00343700036407,1.2142379503990377,0.0
0.25,DPKI,cross-domain,450,104.47064163561743,102.92344555517037,104.06491097234422,102.51771489189731,1.5471960804469078,0.0
0.25,DPKI,intra-off-chain,945,52.09355026439384,52.09355026439384,51.705402644664524,51.705402644664524,0.0,0.0
0.25,DPKI,intra-on-chain,405,103.15760558505171,102.23699506160654,102.75473422687789,101.83412370343267,0.9206105234452098,0.0
0.25,DPKI,management,200,205.13409521547422,203.6764150004089,204.3765932176757,202.9189130026102,1.457680215065484,0.0
0.25,PKI,cross-domain,450,678.3681993938152,663.622438666688,199.62191729159122,191.69873200250996,0.834463779081237,7.08872151
0.25,PKI,intra-pki,1350,204.11200313200277,189.9208146667039,52.84515286380863,48.143173185918066,1.8169021178905462,2.8850775599999996
0.25,PKI,management,200,206.18578783491438,191.41604450002313,148.9529488758859,148.05392549976708,0.8990233761188574,0.0
0.3,DPKI,cross-domain,540,103.94121484363859,102.82372537023491,103.55143113908174,102.43394166567812,1.1174894734036167,0.0
0.3,DPKI,intra-off-chain,882,51.84639058932831,51.84639058932831,51.46432686997514,51.46432686997514,0.0,0.0
0.3,DPKI,intra-on-chain,378,106.62066377195048,104.83659444386682,106.22357303109372,104.43950370301015,1.784069328083587,0.0
0.3,DPKI,management,200,207.58763971101146,206.03298550009728,206.83904370974375,205.28438949882985,1.5546542109139136,0.0
0.3,PKI,cross-domain,540,670.0968000527378,651.861512037339,201.30691156993967,192.71271110833794,1.5054789516017166,7.08872151
0.3,PKI,intra-pki,1260,203.34063758574771,186.95324754000657,52.438879382041755,47.73281238034131,1.82098944170043,2.8850775599999996
0.3,PKI,management,200,214.30666440508844,193.32038900136948,148.85761754155675,148.03166799947618,0.8259495420805615,0.0
0.35,DPKI,cross-domain,630,106.13248544577453,104.49118349254131,105.72991163324602,104.08860968001305,1.64130195323297,0.0
0.35,DPKI,intra-off-chain,819,51.799600122030256,51.799600122030256,51.41096324751083,51.41096324751083,0.0,0.0
0.35,DPKI,intra-on-chain,351,104.06788692270999,102.4872344739077,103.66329148167625,102.08263903287401,1.5806524488022358,0.0
0.35,DPKI,management,200,208.65974499083873,207.2826645000279,207.9190819904938,206.54200149968267,1.3770804908111092,0.0
0.35,PKI,cross-domain,630,702.496634465394,681.9652311114564,202.87950064050406,194.1680287315732,1.622750398930888,7.088721510000001
0.35,PKI,intra-pki,1170,212.40049806117997,196.73735051287545,53.394138485868545,48.74700794810923,1.7620529777593104,2.8850775599999996
0.35,PKI,management,200,216.6010015663143,201.58028750061987,153.77214560224792,152.55750349014997,1.2146421120979358,0.0
0.4,DPKI,cross-domain,720,102.6691542134468,101.73886194452643,102.27116129741395,101.34086902849376,0.9302922689202003,0.0
0.4,DPKI,intra-off-chain,756,51.42162724879999,51.42162724879999,51.03455251309449,51.03455251309449,0.0,0.0
0.4,DPKI,intra-on-chain,324,103.77830848003474,101.03328086435795,103.37078687077228,100.62575925509503,2.745027615677255,0.0
0.4,DPKI,management,200,205.5488037308566,204.59890900045633,204.79275323386057,203.8428585034609,0.9498947303996829,0.0
0.4,PKI,cross-domain,720,692.3980969309829,675.6118476380905,201.65978453901775,193.7454686158233,0.8255944131944299,7.08872151
0.4,PKI,intra-pki,1080,208.69307400576088,193.8601281479001,53.80724612851338,49.29206592570301,1.6301026428103629,2.88507756
0.4,PKI,management,200,213.00379400397452,200.28425649985672,151.23504044728645,150.83677049726248,0.3982699500239687,0.0
0.45,DPKI,cross-domain,810,102.66443581066189,101.26363123452958,102.26643556500109,100.86563098886866,1.4008045761324293,0.0
0.45,DPKI,intra-off-chain,693,51.74752885984824,51.74752885984824,51.360303172946494,51.360303172946494,0.0,0.0
0.45,DPKI,intra-on-chain,297,106.49177442946016,103.5113225582272,106.08545355572458,103.10500168449148,2.980451871233098,0.0
0.45,DPKI,management,200,210.03308210743614,206.70401150122285,209.23477810813108,205.90570750191807,3.3290706062129813,0.0
0.45,PKI,cross-domain,810,708.3356504534742,688.6248818514156,202.5560879332077,193.25435716075663,2.2130092624510675,7.08872151
0.45,PKI,intra-pki,990,218.19900107569111,199.31182454523415,54.30440509200958,48.94944999937457,2.4698775326350013,2.8850775599999996
0.45,PKI,management,200,222.58830979614825,197.9881470003724,150.63762210150517,149.7662754996121,0.8713466018930922,0.0
0.5,DPKI,cross-domain,900,106.73987524227732,103.9130484446552,106.33907791197055,103.51225111434857,2.826826797621972,0.0
0.5,DPKI,intra-off-chain,630,52.5054196823684,52.5054196823684,52.12661619210054,52.12661619210054,0.0,0.0
0.5,DPKI,intra-on-chain,270,104.27687280506274,102.39138074219227,103.88121613735758,101.99572407448733,1.885492062870253,0.0
0.5,DPKI,management,200,215.27668961827595,210.63353449985385,214.5254036152833,209.88224849686026,4.643155118423019,0.0
0.5,PKI,cross-domain,900,711.8473590078673,693.8193808896012,202.98867281974495,192.96405255556107,2.9358987541838726,7.08872151
0.5,PKI,intra-pki,900,215.70588029999539,200.45098611129654,52.196157661978226,48.04937422278854,1.2617058791896782,2.8850775599999996
0.5,PKI,management,200,219.49804041004313,193.36113599911332,151.1912817002924,149.8692290017009,1.3220526985915058,0.0
0.55,DPKI,cross-domain,990,106.12982666183791,103.04512828242297,105.73063423908911,102.64593585967415,3.084698379414954,0.0
0.55,DPKI,intra-off-chain,567,52.11936948864969,52.11936948864969,51.730192592377385,51.730192592377385,0.0,0.0
0.55,DPKI,intra-on-chain,243,107.44757621089926,104.40514609119529,107.05225686877701,104.00982674907264,3.042430119704372,0.0
0.55,DPKI,management,200,215.9371701825239,210.153139501214,215.18877617990802,209.40474549859763,5.784030681310415,0.0
0.55,PKI,cross-domain,990,750.7424216846289,732.4080469694402,206.93080723025201,198.17057313202608,1.6715125882259305,7.08872151
0.55,PKI,intra-pki,810,225.7648610593555,208.79120382725458,54.982216356109134,50.11964111041139,1.9774976856977267,2.8850775599999996
0.55,PKI,management,200,220.03849574250074,203.1323995000124,150.92629813030672,150.17463449895382,0.7516636313528943,0.0
0.6,DPKI,cross-domain,1080,106.7879596571751,103.17503416670694,106.40094826978267,102.7880227793146,3.612925490468081,0.0
0.6,DPKI,intra-off-chain,504,52.04803313504136,52.04803313504136,51.66712777635881,51.66712777635881,0.0,0.0
0.6,DPKI,intra-on-chain,216,107.94338298988556,103.04141805514142,107.56489919566987,102.66293426092577,4.90196493474411,0.0
0.6,DPKI,management,200,205.29722628362637,202.18460699915886,204.55719228632796,201.44457300186158,3.112619284466382,0.0
0.6,PKI,cross-domain,1080,746.957454145913,729.9162644444516,208.1806883697043,199.2744026861257,1.8175641735786214,7.08872151
0.6,PKI,intra-pki,720,229.30850624745642,213.19134597260918,54.87904039643108,50.40789472175141,1.5860681146796682,2.8850775599999996
0.6,PKI,management,200,220.25522583345642,203.6842599992454,154.09518580889505,153.2200579994917,0.8751278094033478,0.0
