epsilon,model,kind,count,originalLatencyMs,originalServiceMs,figLatencyMs,figServiceMs,figQueueMs,figCompensationMs,lambda,runDir,meanBlockMs
0.1,DPKI,cross-domain,18,197.88364293709733,191.1509388618999,196.1640318486625,189.43132777346506,6.7327040751974385,0.0,2.0,C:\Users\admin\Desktop\Blockchain_based DPKI platform\DPKI-and-DID-platform-Lenovo\chain33-dpki-real-experiment\outputs\real_sweeps\lambda_experiment\scout_aggressive_three_lambdap_120_100_90_r200_lambda20_blockms_120_lambda_2_r200,120.0
0.1,DPKI,intra-off-chain,122,64.97367049142963,64.97367049142963,63.28247377716127,63.28247377716127,0.0,0.0,2.0,C:\Users\admin\Desktop\Blockchain_based DPKI platform\DPKI-and-DID-platform-Lenovo\chain33-dpki-real-experiment\outputs\real_sweeps\lambda_experiment\scout_aggressive_three_lambdap_120_100_90_r200_lambda20_blockms_120_lambda_2_r200,120.0
0.1,DPKI,intra-on-chain,40,238.2289229695889,237.89428250789643,236.66736540544952,236.33272494375706,0.33464046169247014,0.0,2.0,C:\Users\admin\Desktop\Blockchain_based DPKI platform\DPKI-and-DID-platform-Lenovo\chain33-dpki-real-experiment\outputs\real_sweeps\lambda_experiment\scout_aggressive_three_lambdap_120_100_90_r200_lambda20_blockms_120_lambda_2_r200,120.0
0.1,DPKI,management,20,379.5992499887943,379.5992499887943,313.55233504772184,313.55233504772184,0.0,0.0,2.0,C:\Users\admin\Desktop\Blockchain_based DPKI platform\DPKI-and-DID-platform-Lenovo\chain33-dpki-real-experiment\outputs\real_sweeps\lambda_experiment\scout_aggressive_three_lambdap_120_100_90_r200_lambda20_blockms_120_lambda_2_r200,120.0
0.1,DPKI,cross-domain,18,182.65286305025288,176.626033352481,181.05935752863752,175.03252783086566,6.026829697771872,0.0,4.0,C:\Users\admin\Desktop\Blockchain_based DPKI platform\DPKI-and-DID-platform-Lenovo\chain33-dpki-real-experiment\outputs\real_sweeps\lambda_experiment\scout_aggressive_three_lambdap_120_100_90_r200_lambda20_blockms_120_lambda_4_r200,120.0
0.1,DPKI,intra-off-chain,122,63.846799176247394,63.846799176247394,62.286372120263145,62.286372120263145,0.0,0.0,4.0,C:\Users\admin\Desktop\Blockchain_based DPKI platform\DPKI-and-DID-platform-Lenovo\chain33-dpki-real-experiment\outputs\real_sweeps\lambda_experiment\scout_aggressive_three_lambdap_120_100_90_r200_lambda20_blockms_120_lambda_4_r200,120.0
0.1,DPKI,intra-on-chain,40,236.98764354839219,235.49083499610424,235.47602860286128,233.97922005057336,1.496808552287939,0.0,4.0,C:\Users\admin\Desktop\Blockchain_based DPKI platform\DPKI-and-DID-platform-Lenovo\chain33-dpki-real-experiment\outputs\real_sweeps\lambda_experiment\scout_aggressive_three_lambdap_120_100_90_r200_lambda20_blockms_120_lambda_4_r200,120.0
0.1,DPKI,management,20,351.4696850061417,351.4696850061417,289.4703249633312,289.4703249633312,0.0,0.0,4.0,C:\Users\admin\Desktop\Blockchain_based DPKI platform\DPKI-and-DID-platform-Lenovo\chain33-dpki-real-experiment\outputs\real_sweeps\lambda_experiment\scout_aggressive_three_lambdap_120_100_90_r200_lambda20_blockms_120_lambda_4_r200,120.0
0.1,DPKI,cross-domain,18,207.21088723181543,193.11999999814563,205.8446594526919,191.75377221902212,14.090887233669795,0.0,6.0,C:\Users\admin\Desktop\Blockchain_based DPKI platform\DPKI-and-DID-platform-Lenovo\chain33-dpki-real-experiment\outputs\real_sweeps\lambda_experiment\scout_aggressive_three_lambdap_120_100_90_r200_lambda20_blockms_120_lambda_6_r200,120.0
0.1,DPKI,intra-off-chain,122,63.90868687238849,63.90868687238849,62.26135899883802,62.26135899883802,0.0,0.0,6.0,C:\Users\admin\Desktop\Blockchain_based DPKI platform\DPKI-and-DID-platform-Lenovo\chain33-dpki-real-experiment\outputs\real_sweeps\lambda_experiment\scout_aggressive_three_lambdap_120_100_90_r200_lambda20_blockms_120_lambda_6_r200,120.0
0.1,DPKI,intra-on-chain,40,197.07595268922717,179.17070749402046,195.62628518181702,177.7210399866104,17.90524519520661,0.0,6.0,C:\Users\admin\Desktop\Blockchain_based DPKI platform\DPKI-and-DID-platform-Lenovo\chain33-dpki-real-experiment\outputs\real_sweeps\lambda_experiment\scout_aggressive_three_lambdap_120_100_90_r200_lambda20_blockms_120_lambda_6_r200,120.0
0.1,DPKI,management,20,387.67322442873945,363.101750010252,328.25258438929546,303.68110997080805,24.571474418487423,0.0,6.0,C:\Users\admin\Desktop\Blockchain_based DPKI platform\DPKI-and-DID-platform-Lenovo\chain33-dpki-real-experiment\outputs\real_sweeps\lambda_experiment\scout_aggressive_three_lambdap_120_100_90_r200_lambda20_blockms_120_lambda_6_r200,120.0
0.1,DPKI,cross-domain,18,366.6235565380462,310.08737776676816,364.8433620965686,308.3071833252907,56.536178771277946,0.0,8.0,C:\Users\admin\Desktop\Blockchain_based DPKI platform\DPKI-and-DID-platform-Lenovo\chain33-dpki-real-experiment\outputs\real_sweeps\lambda_experiment\scout_aggressive_three_lambdap_120_100_90_r200_lambda20_blockms_120_lambda_8_r200,120.0
0.1,DPKI,intra-off-chain,122,63.21278278358647,63.21278278358647,61.573366406511084,61.573366406511084,0.0,0.0,8.0,C:\Users\admin\Desktop\Blockchain_based DPKI platform\DPKI-and-DID-platform-Lenovo\chain33-dpki-real-experiment\outputs\real_sweeps\lambda_experiment\scout_aggressive_three_lambdap_120_100_90_r200_lambda20_blockms_120_lambda_8_r200,120.0
0.1,DPKI,intra-on-chain,40,268.61740377686385,191.6260075032711,267.37354876242034,190.3821524888277,76.99139627359266,0.0,8.0,C:\Users\admin\Desktop\Blockchain_based DPKI platform\DPKI-and-DID-platform-Lenovo\chain33-dpki-real-experiment\outputs\real_sweeps\lambda_experiment\scout_aggressive_three_lambdap_120_100_90_r200_lambda20_blockms_120_lambda_8_r200,120.0
0.1,DPKI,management,20,470.41781535886764,390.3313550055027,391.7019853129292,311.6155249595642,80.08646035336498,0.0,8.0,C:\Users\admin\Desktop\Blockchain_based DPKI platform\DPKI-and-DID-platform-Lenovo\chain33-dpki-real-experiment\outputs\real_sweeps\lambda_experiment\scout_aggressive_three_lambdap_120_100_90_r200_lambda20_blockms_120_lambda_8_r200,120.0
0.1,DPKI,cross-domain,18,328.0353451777453,226.49991665946112,326.536239598422,225.00081108013788,101.53542851828414,0.0,10.0,C:\Users\admin\Desktop\Blockchain_based DPKI platform\DPKI-and-DID-platform-Lenovo\chain33-dpki-real-experiment\outputs\real_sweeps\lambda_experiment\scout_aggressive_three_lambdap_120_100_90_r200_lambda20_blockms_120_lambda_10_r200,120.0
0.1,DPKI,intra-off-chain,122,62.588706561776455,62.588706561776455,61.049059854179134,61.049059854179134,0.0,0.0,10.0,C:\Users\admin\Desktop\Blockchain_based DPKI platform\DPKI-and-DID-platform-Lenovo\chain33-dpki-real-experiment\outputs\real_sweeps\lambda_experiment\scout_aggressive_three_lambdap_120_100_90_r200_lambda20_blockms_120_lambda_10_r200,120.0
0.1,DPKI,intra-on-chain,40,343.91641466835574,234.2226949930191,342.29237968841664,232.59866001307964,109.69371967533701,0.0,10.0,C:\Users\admin\Desktop\Blockchain_based DPKI platform\DPKI-and-DID-platform-Lenovo\chain33-dpki-real-experiment\outputs\real_sweeps\lambda_experiment\scout_aggressive_three_lambdap_120_100_90_r200_lambda20_blockms_120_lambda_10_r200,120.0
0.1,DPKI,management,20,476.8170673010319,336.2779500007629,416.9978173551534,276.45870005488393,140.5391173002695,0.0,10.0,C:\Users\admin\Desktop\Blockchain_based DPKI platform\DPKI-and-DID-platform-Lenovo\chain33-dpki-real-experiment\outputs\real_sweeps\lambda_experiment\scout_aggressive_three_lambdap_120_100_90_r200_lambda20_blockms_120_lambda_10_r200,120.0
0.1,DPKI,cross-domain,18,321.5549144136745,178.9137722187572,320.17008107117533,177.528938876258,142.64114219491736,0.0,12.0,C:\Users\admin\Desktop\Blockchain_based DPKI platform\DPKI-and-DID-platform-Lenovo\chain33-dpki-real-experiment\outputs\real_sweeps\lambda_experiment\scout_aggressive_three_lambdap_120_100_90_r200_lambda20_blockms_120_lambda_12_r200,120.0
0.1,DPKI,intra-off-chain,122,63.30578359814941,63.30578359814941,61.60318524231676,61.60318524231676,0.0,0.0,12.0,C:\Users\admin\Desktop\Blockchain_based DPKI platform\DPKI-and-DID-platform-Lenovo\chain33-dpki-real-experiment\outputs\real_sweeps\lambda_experiment\scout_aggressive_three_lambdap_120_100_90_r200_lambda20_blockms_120_lambda_12_r200,120.0
0.1,DPKI,intra-on-chain,40,333.24209909678547,191.47320499718188,331.56695907355436,189.79806497395037,141.76889409960393,0.0,12.0,C:\Users\admin\Desktop\Blockchain_based DPKI platform\DPKI-and-DID-platform-Lenovo\chain33-dpki-real-experiment\outputs\real_sweeps\lambda_experiment\scout_aggressive_three_lambdap_120_100_90_r200_lambda20_blockms_120_lambda_12_r200,120.0
0.1,DPKI,management,20,501.9825373983828,377.6204499900341,433.27618738774964,308.91409997940065,124.362087408349,0.0,12.0,C:\Users\admin\Desktop\Blockchain_based DPKI platform\DPKI-and-DID-platform-Lenovo\chain33-dpki-real-experiment\outputs\real_sweeps\lambda_experiment\scout_aggressive_three_lambdap_120_100_90_r200_lambda20_blockms_120_lambda_12_r200,120.0
0.1,DPKI,cross-domain,18,1347.8536115487098,292.90259445375864,1346.6569393276845,291.7059222327338,1054.9510170949507,0.0,14.0,C:\Users\admin\Desktop\Blockchain_based DPKI platform\DPKI-and-DID-platform-Lenovo\chain33-dpki-real-experiment\outputs\real_sweeps\lambda_experiment\scout_aggressive_three_lambdap_120_100_90_r200_lambda20_blockms_120_lambda_14_r200,120.0
0.1,DPKI,intra-off-chain,122,62.11648442803836,62.11648442803836,60.65687131686289,60.65687131686289,0.0,0.0,14.0,C:\Users\admin\Desktop\Blockchain_based DPKI platform\DPKI-and-DID-platform-Lenovo\chain33-dpki-real-experiment\outputs\real_sweeps\lambda_experiment\scout_aggressive_three_lambdap_120_100_90_r200_lambda20_blockms_120_lambda_14_r200,120.0
0.1,DPKI,intra-on-chain,40,1278.5735400821727,221.0502300053835,1277.1477226253312,219.624412548542,1057.5233100767891,0.0,14.0,C:\Users\admin\Desktop\Blockchain_based DPKI platform\DPKI-and-DID-platform-Lenovo\chain33-dpki-real-experiment\outputs\real_sweeps\lambda_experiment\scout_aggressive_three_lambdap_120_100_90_r200_lambda20_blockms_120_lambda_14_r200,120.0
0.1,DPKI,management,20,1451.565216393711,384.68833500742915,1379.5507713928241,312.6738900065422,1066.8768813862819,0.0,14.0,C:\Users\admin\Desktop\Blockchain_based DPKI platform\DPKI-and-DID-platform-Lenovo\chain33-dpki-real-experiment\outputs\real_sweeps\lambda_experiment\scout_aggressive_three_lambdap_120_100_90_r200_lambda20_blockms_120_lambda_14_r200,120.0
0.1,DPKI,cross-domain,18,628.3763901245293,198.93912776973514,626.9144567898605,197.47719443506665,429.43726235479386,0.0,16.0,C:\Users\admin\Desktop\Blockchain_based DPKI platform\DPKI-and-DID-platform-Lenovo\chain33-dpki-real-experiment\outputs\real_sweeps\lambda_experiment\scout_aggressive_three_lambdap_120_100_90_r200_lambda20_blockms_120_lambda_16_r200,120.0
0.1,DPKI,intra-off-chain,122,61.096349172904844,61.096349172904844,59.65700573510811,59.65700573510811,0.0,0.0,16.0,C:\Users\admin\Desktop\Blockchain_based DPKI platform\DPKI-and-DID-platform-Lenovo\chain33-dpki-real-experiment\outputs\real_sweeps\lambda_experiment\scout_aggressive_three_lambdap_120_100_90_r200_lambda20_blockms_120_lambda_16_r200,120.0
0.1,DPKI,intra-on-chain,40,605.9445424867188,209.008512493968,604.3788075250899,207.4427775323391,396.93602999275083,0.0,16.0,C:\Users\admin\Desktop\Blockchain_based DPKI platform\DPKI-and-DID-platform-Lenovo\chain33-dpki-real-experiment\outputs\real_sweeps\lambda_experiment\scout_aggressive_three_lambdap_120_100_90_r200_lambda20_blockms_120_lambda_16_r200,120.0
0.1,DPKI,management,20,782.3037903109766,409.29878000617026,715.777910266278,342.7728999614716,373.00501030480643,0.0,16.0,C:\Users\admin\Desktop\Blockchain_based DPKI platform\DPKI-and-DID-platform-Lenovo\chain33-dpki-real-experiment\outputs\real_sweeps\lambda_experiment\scout_aggressive_three_lambdap_120_100_90_r200_lambda20_blockms_120_lambda_16_r200,120.0
0.1,DPKI,cross-domain,18,1251.661047977298,259.5109444459279,1249.9545146711232,257.80441113975314,992.15010353137,0.0,18.0,C:\Users\admin\Desktop\Blockchain_based DPKI platform\DPKI-and-DID-platform-Lenovo\chain33-dpki-real-experiment\outputs\real_sweeps\lambda_experiment\scout_aggressive_three_lambdap_120_100_90_r200_lambda20_blockms_120_lambda_18_r200,120.0
0.1,DPKI,intra-off-chain,122,64.36184262545382,64.36184262545382,62.88664834616614,62.88664834616614,0.0,0.0,18.0,C:\Users\admin\Desktop\Blockchain_based DPKI platform\DPKI-and-DID-platform-Lenovo\chain33-dpki-real-experiment\outputs\real_sweeps\lambda_experiment\scout_aggressive_three_lambdap_120_100_90_r200_lambda20_blockms_120_lambda_18_r200,120.0
0.1,DPKI,intra-on-chain,40,1223.50068130464,193.02124499082566,1221.969411322183,191.4899750083685,1030.4794363138146,0.0,18.0,C:\Users\admin\Desktop\Blockchain_based DPKI platform\DPKI-and-DID-platform-Lenovo\chain33-dpki-real-experiment\outputs\real_sweeps\lambda_experiment\scout_aggressive_three_lambdap_120_100_90_r200_lambda20_blockms_120_lambda_18_r200,120.0
0.1,DPKI,management,20,1399.9463110316544,416.51337000131605,1328.300571005419,344.8676299750805,983.4329410303384,0.0,18.0,C:\Users\admin\Desktop\Blockchain_based DPKI platform\DPKI-and-DID-platform-Lenovo\chain33-dpki-real-experiment\outputs\real_sweeps\lambda_experiment\scout_aggressive_three_lambdap_120_100_90_r200_lambda20_blockms_120_lambda_18_r200,120.0
0.1,DPKI,cross-domain,18,1319.580352340685,191.60582776202097,1317.863713464353,189.88918888568878,1127.9745245786642,0.0,20.0,C:\Users\admin\Desktop\Blockchain_based DPKI platform\DPKI-and-DID-platform-Lenovo\chain33-dpki-real-experiment\outputs\real_sweeps\lambda_experiment\scout_aggressive_three_lambdap_120_100_90_r200_lambda20_blockms_120_lambda_20_r200,120.0
0.1,DPKI,intra-off-chain,122,64.16614016548532,64.16614016548532,62.74978932689448,62.74978932689448,0.0,0.0,20.0,C:\Users\admin\Desktop\Blockchain_based DPKI platform\DPKI-and-DID-platform-Lenovo\chain33-dpki-real-experiment\outputs\real_sweeps\lambda_experiment\scout_aggressive_three_lambdap_120_100_90_r200_lambda20_blockms_120_lambda_20_r200,120.0
0.1,DPKI,intra-on-chain,40,1329.1900316534134,205.79220500588417,1327.7971916643473,204.39936501681805,1123.3978266475294,0.0,20.0,C:\Users\admin\Desktop\Blockchain_based DPKI platform\DPKI-and-DID-platform-Lenovo\chain33-dpki-real-experiment\outputs\real_sweeps\lambda_experiment\scout_aggressive_three_lambdap_120_100_90_r200_lambda20_blockms_120_lambda_20_r200,120.0
0.1,DPKI,management,20,1482.3207633841882,376.46423999071123,1418.3662883866677,312.50976499319074,1105.8565233934771,0.0,20.0,C:\Users\admin\Desktop\Blockchain_based DPKI platform\DPKI-and-DID-platform-Lenovo\chain33-dpki-real-experiment\outputs\real_sweeps\lambda_experiment\scout_aggressive_three_lambdap_120_100_90_r200_lambda20_blockms_120_lambda_20_r200,120.0
0.1,DPKI,cross-domain,18,160.1657314927753,158.90279445383283,158.89233705381977,157.62940001487732,1.2629370389424568,0.0,2.0,C:\Users\admin\Desktop\Blockchain_based DPKI platform\DPKI-and-DID-platform-Lenovo\chain33-dpki-real-experiment\outputs\real_sweeps\lambda_experiment\scout_aggressive_three_lambdap_120_100_90_r200_lambda20_blockms_100_lambda_2_r200,100.0
0.1,DPKI,intra-off-chain,122,64.19661885109105,64.19661885109105,62.66968441986647,62.66968441986647,0.0,0.0,2.0,C:\Users\admin\Desktop\Blockchain_based DPKI platform\DPKI-and-DID-platform-Lenovo\chain33-dpki-real-experiment\outputs\real_sweeps\lambda_experiment\scout_aggressive_three_lambdap_120_100_90_r200_lambda20_blockms_100_lambda_2_r200,100.0
0.1,DPKI,intra-on-chain,40,184.4615517321494,184.09894499480725,182.9009567412999,182.53835000395776,0.3626067373421392,0.0,2.0,C:\Users\admin\Desktop\Blockchain_based DPKI platform\DPKI-and-DID-platform-Lenovo\chain33-dpki-real-experiment\outputs\real_sweeps\lambda_experiment\scout_aggressive_three_lambdap_120_100_90_r200_lambda20_blockms_100_lambda_2_r200,100.0
0.1,DPKI,management,20,347.0669250071049,347.0669250071049,296.40022505521773,296.40022505521773,0.0,0.0,2.0,C:\Users\admin\Desktop\Blockchain_based DPKI platform\DPKI-and-DID-platform-Lenovo\chain33-dpki-real-experiment\outputs\real_sweeps\lambda_experiment\scout_aggressive_three_lambdap_120_100_90_r200_lambda20_blockms_100_lambda_2_r200,100.0
0.1,DPKI,cross-domain,18,235.68527294390657,228.32616111305026,234.1258840414543,226.766772210598,7.359111830856313,0.0,4.0,C:\Users\admin\Desktop\Blockchain_based DPKI platform\DPKI-and-DID-platform-Lenovo\chain33-dpki-real-experiment\outputs\real_sweeps\lambda_experiment\scout_aggressive_three_lambdap_120_100_90_r200_lambda20_blockms_100_lambda_4_r200,100.0
0.1,DPKI,intra-off-chain,122,63.457240980179584,63.457240980179584,62.0286057268987,62.0286057268987,0.0,0.0,4.0,C:\Users\admin\Desktop\Blockchain_based DPKI platform\DPKI-and-DID-platform-Lenovo\chain33-dpki-real-experiment\outputs\real_sweeps\lambda_experiment\scout_aggressive_three_lambdap_120_100_90_r200_lambda20_blockms_100_lambda_4_r200,100.0
0.1,DPKI,intra-on-chain,40,249.34475527134902,228.33726999759674,247.61965524879474,226.61216997504235,21.0074852737524,0.0,4.0,C:\Users\admin\Desktop\Blockchain_based DPKI platform\DPKI-and-DID-platform-Lenovo\chain33-dpki-real-experiment\outputs\real_sweeps\lambda_experiment\scout_aggressive_three_lambdap_120_100_90_r200_lambda20_blockms_100_lambda_4_r200,100.0
0.1,DPKI,management,20,361.7784702804263,346.7452849984169,293.20734530951336,278.17416002750394,15.03318528200939,0.0,4.0,C:\Users\admin\Desktop\Blockchain_based DPKI platform\DPKI-and-DID-platform-Lenovo\chain33-dpki-real-experiment\outputs\real_sweeps\lambda_experiment\scout_aggressive_three_lambdap_120_100_90_r200_lambda20_blockms_100_lambda_4_r200,100.0
0.1,DPKI,cross-domain,18,237.25802850154196,215.24097779724332,235.786372940678,213.769322236379,22.017050704299006,0.0,6.0,C:\Users\admin\Desktop\Blockchain_based DPKI platform\DPKI-and-DID-platform-Lenovo\chain33-dpki-real-experiment\outputs\real_sweeps\lambda_experiment\scout_aggressive_three_lambdap_120_100_90_r200_lambda20_blockms_100_lambda_6_r200,100.0
0.1,DPKI,intra-off-chain,122,64.0609836109349,64.0609836109349,62.48822537992822,62.48822537992822,0.0,0.0,6.0,C:\Users\admin\Desktop\Blockchain_based DPKI platform\DPKI-and-DID-platform-Lenovo\chain33-dpki-real-experiment\outputs\real_sweeps\lambda_experiment\scout_aggressive_three_lambdap_120_100_90_r200_lambda20_blockms_100_lambda_6_r200,100.0
0.1,DPKI,intra-on-chain,40,255.23210217856212,221.0106625109911,253.50675966345125,219.28531999588012,34.221439667571154,0.0,6.0,C:\Users\admin\Desktop\Blockchain_based DPKI platform\DPKI-and-DID-platform-Lenovo\chain33-dpki-real-experiment\outputs\real_sweeps\lambda_experiment\scout_aggressive_three_lambdap_120_100_90_r200_lambda20_blockms_100_lambda_6_r200,100.0
0.1,DPKI,management,20,392.5819579794348,359.3347450017929,326.4621780171335,293.21496503949163,33.24721297764186,0.0,6.0,C:\Users\admin\Desktop\Blockchain_based DPKI platform\DPKI-and-DID-platform-Lenovo\chain33-dpki-real-experiment\outputs\real_sweeps\lambda_experiment\scout_aggressive_three_lambdap_120_100_90_r200_lambda20_blockms_100_lambda_6_r200,100.0
0.1,DPKI,cross-domain,18,208.20744186859224,199.4580222169558,206.392197465442,197.64277781380548,8.749419651636527,0.0,8.0,C:\Users\admin\Desktop\Blockchain_based DPKI platform\DPKI-and-DID-platform-Lenovo\chain33-dpki-real-experiment\outputs\real_sweeps\lambda_experiment\scout_aggressive_three_lambdap_120_100_90_r200_lambda20_blockms_100_lambda_8_r200,100.0
0.1,DPKI,intra-off-chain,122,66.89125573146539,66.89125573146539,65.28057212614623,65.28057212614623,0.0,0.0,8.0,C:\Users\admin\Desktop\Blockchain_based DPKI platform\DPKI-and-DID-platform-Lenovo\chain33-dpki-real-experiment\outputs\real_sweeps\lambda_experiment\scout_aggressive_three_lambdap_120_100_90_r200_lambda20_blockms_100_lambda_8_r200,100.0
0.1,DPKI,intra-on-chain,40,206.0249981339519,182.34593250453472,204.3740806247537,180.69501499533652,23.679065629417153,0.0,8.0,C:\Users\admin\Desktop\Blockchain_based DPKI platform\DPKI-and-DID-platform-Lenovo\chain33-dpki-real-experiment\outputs\real_sweeps\lambda_experiment\scout_aggressive_three_lambdap_120_100_90_r200_lambda20_blockms_100_lambda_8_r200,100.0
0.1,DPKI,management,20,377.2372224687307,342.10141999721526,313.99920746075816,278.86340498924255,35.13580247151557,0.0,8.0,C:\Users\admin\Desktop\Blockchain_based DPKI platform\DPKI-and-DID-platform-Lenovo\chain33-dpki-real-experiment\outputs\real_sweeps\lambda_experiment\scout_aggressive_three_lambdap_120_100_90_r200_lambda20_blockms_100_lambda_8_r200,100.0
0.1,DPKI,cross-domain,18,242.16589798400466,186.5266888803906,240.27344803548172,184.6342389318678,55.63920910361392,0.0,10.0,C:\Users\admin\Desktop\Blockchain_based DPKI platform\DPKI-and-DID-platform-Lenovo\chain33-dpki-real-experiment\outputs\real_sweeps\lambda_experiment\scout_aggressive_three_lambdap_120_100_90_r200_lambda20_blockms_100_lambda_10_r200,100.0
0.1,DPKI,intra-off-chain,122,64.52524508804571,64.52524508804571,63.07344836289765,63.07344836289765,0.0,0.0,10.0,C:\Users\admin\Desktop\Blockchain_based DPKI platform\DPKI-and-DID-platform-Lenovo\chain33-dpki-real-experiment\outputs\real_sweeps\lambda_experiment\scout_aggressive_three_lambdap_120_100_90_r200_lambda20_blockms_100_lambda_10_r200,100.0
0.1,DPKI,intra-on-chain,40,278.477725657133,213.54390750825405,276.66068814030075,211.7268699914217,64.93381814887903,0.0,10.0,C:\Users\admin\Desktop\Blockchain_based DPKI platform\DPKI-and-DID-platform-Lenovo\chain33-dpki-real-experiment\outputs\real_sweeps\lambda_experiment\scout_aggressive_three_lambdap_120_100_90_r200_lambda20_blockms_100_lambda_10_r200,100.0
0.1,DPKI,management,20,428.6793341849281,351.12119002342223,362.9772191379502,285.4190749764442,77.558144161506,0.0,10.0,C:\Users\admin\Desktop\Blockchain_based DPKI platform\DPKI-and-DID-platform-Lenovo\chain33-dpki-real-experiment\outputs\real_sweeps\lambda_experiment\scout_aggressive_three_lambdap_120_100_90_r200_lambda20_blockms_100_lambda_10_r200,100.0
0.1,DPKI,cross-domain,18,276.3327069541807,177.6840666797426,274.73124584830424,176.0826055738661,98.64864027443815,0.0,12.0,C:\Users\admin\Desktop\Blockchain_based DPKI platform\DPKI-and-DID-platform-Lenovo\chain33-dpki-real-experiment\outputs\real_sweeps\lambda_experiment\scout_aggressive_three_lambdap_120_100_90_r200_lambda20_blockms_100_lambda_12_r200,100.0
0.1,DPKI,intra-off-chain,122,63.72832212780343,63.72832212780343,62.31021883741754,62.31021883741754,0.0,0.0,12.0,C:\Users\admin\Desktop\Blockchain_based DPKI platform\DPKI-and-DID-platform-Lenovo\chain33-dpki-real-experiment\outputs\real_sweeps\lambda_experiment\scout_aggressive_three_lambdap_120_100_90_r200_lambda20_blockms_100_lambda_12_r200,100.0
0.1,DPKI,intra-on-chain,40,288.3906349199648,191.20284000337125,286.6066448735828,189.41884995698928,97.18779491659355,0.0,12.0,C:\Users\admin\Desktop\Blockchain_based DPKI platform\DPKI-and-DID-platform-Lenovo\chain33-dpki-real-experiment\outputs\real_sweeps\lambda_experiment\scout_aggressive_three_lambdap_120_100_90_r200_lambda20_blockms_100_lambda_12_r200,100.0
0.1,DPKI,management,20,468.8555980733211,403.8735649824142,394.51481311233584,329.53278002142906,64.98203309090677,0.0,12.0,C:\Users\admin\Desktop\Blockchain_based DPKI platform\DPKI-and-DID-platform-Lenovo\chain33-dpki-real-experiment\outputs\real_sweeps\lambda_experiment\scout_aggressive_three_lambdap_120_100_90_r200_lambda20_blockms_100_lambda_12_r200,100.0
0.1,DPKI,cross-domain,18,248.48759646482074,179.70168889231152,246.80396311084556,178.01805553833643,68.78590757250916,0.0,14.0,C:\Users\admin\Desktop\Blockchain_based DPKI platform\DPKI-and-DID-platform-Lenovo\chain33-dpki-real-experiment\outputs\real_sweeps\lambda_experiment\scout_aggressive_three_lambdap_120_100_90_r200_lambda20_blockms_100_lambda_14_r200,100.0
0.1,DPKI,intra-off-chain,122,62.90162705007147,62.90162705007147,61.61087867275613,61.61087867275613,0.0,0.0,14.0,C:\Users\admin\Desktop\Blockchain_based DPKI platform\DPKI-and-DID-platform-Lenovo\chain33-dpki-real-experiment\outputs\real_sweeps\lambda_experiment\scout_aggressive_three_lambdap_120_100_90_r200_lambda20_blockms_100_lambda_14_r200,100.0
0.1,DPKI,intra-on-chain,40,234.90207359835478,193.27619999945165,233.27763608142703,191.6517624825239,41.62587359890311,0.0,14.0,C:\Users\admin\Desktop\Blockchain_based DPKI platform\DPKI-and-DID-platform-Lenovo\chain33-dpki-real-experiment\outputs\real_sweeps\lambda_experiment\scout_aggressive_three_lambdap_120_100_90_r200_lambda20_blockms_100_lambda_14_r200,100.0
0.1,DPKI,management,20,425.3656750047182,367.780724978447,342.7807949566817,285.1958449304104,57.5849500262713,0.0,14.0,C:\Users\admin\Desktop\Blockchain_based DPKI platform\DPKI-and-DID-platform-Lenovo\chain33-dpki-real-experiment\outputs\real_sweeps\lambda_experiment\scout_aggressive_three_lambdap_120_100_90_r200_lambda20_blockms_100_lambda_14_r200,100.0
0.1,DPKI,cross-domain,18,363.0396008283012,165.50691666868,361.9637396789372,164.43105551931592,197.53268415962123,0.0,16.0,C:\Users\admin\Desktop\Blockchain_based DPKI platform\DPKI-and-DID-platform-Lenovo\chain33-dpki-real-experiment\outputs\real_sweeps\lambda_experiment\scout_aggressive_three_lambdap_120_100_90_r200_lambda20_blockms_100_lambda_16_r200,100.0
0.1,DPKI,intra-off-chain,122,64.0036909824512,64.0036909824512,62.277603282303104,62.277603282303104,0.0,0.0,16.0,C:\Users\admin\Desktop\Blockchain_based DPKI platform\DPKI-and-DID-platform-Lenovo\chain33-dpki-real-experiment\outputs\real_sweeps\lambda_experiment\scout_aggressive_three_lambdap_120_100_90_r200_lambda20_blockms_100_lambda_16_r200,100.0
0.1,DPKI,intra-on-chain,40,347.00363702210086,195.39411998987197,345.16065699490207,193.55113996267318,151.6095170322289,0.0,16.0,C:\Users\admin\Desktop\Blockchain_based DPKI platform\DPKI-and-DID-platform-Lenovo\chain33-dpki-real-experiment\outputs\real_sweeps\lambda_experiment\scout_aggressive_three_lambdap_120_100_90_r200_lambda20_blockms_100_lambda_16_r200,100.0
0.1,DPKI,management,20,518.8689602067733,363.4947000026703,444.55740518477205,289.183144980669,155.37426020410305,0.0,16.0,C:\Users\admin\Desktop\Blockchain_based DPKI platform\DPKI-and-DID-platform-Lenovo\chain33-dpki-real-experiment\outputs\real_sweeps\lambda_experiment\scout_aggressive_three_lambdap_120_100_90_r200_lambda20_blockms_100_lambda_16_r200,100.0
0.1,DPKI,cross-domain,18,422.1214103604531,220.28472222884497,420.9236214927677,219.08693336115942,201.8366881316083,0.0,18.0,C:\Users\admin\Desktop\Blockchain_based DPKI platform\DPKI-and-DID-platform-Lenovo\chain33-dpki-real-experiment\outputs\real_sweeps\lambda_experiment\scout_aggressive_three_lambdap_120_100_90_r200_lambda20_blockms_100_lambda_18_r200,100.0
0.1,DPKI,intra-off-chain,122,63.67554017168577,63.67554017168577,62.263121326438714,62.263121326438714,0.0,0.0,18.0,C:\Users\admin\Desktop\Blockchain_based DPKI platform\DPKI-and-DID-platform-Lenovo\chain33-dpki-real-experiment\outputs\real_sweeps\lambda_experiment\scout_aggressive_three_lambdap_120_100_90_r200_lambda20_blockms_100_lambda_18_r200,100.0
0.1,DPKI,intra-on-chain,40,394.65740516145866,180.64821750819684,392.7566601779049,178.74747252464294,214.00918765326196,0.0,18.0,C:\Users\admin\Desktop\Blockchain_based DPKI platform\DPKI-and-DID-platform-Lenovo\chain33-dpki-real-experiment\outputs\real_sweeps\lambda_experiment\scout_aggressive_three_lambdap_120_100_90_r200_lambda20_blockms_100_lambda_18_r200,100.0
0.1,DPKI,management,20,533.5040268906715,336.40730999708177,453.8272768684986,256.73055997490883,197.09671689358976,0.0,18.0,C:\Users\admin\Desktop\Blockchain_based DPKI platform\DPKI-and-DID-platform-Lenovo\chain33-dpki-real-experiment\outputs\real_sweeps\lambda_experiment\scout_aggressive_three_lambdap_120_100_90_r200_lambda20_blockms_100_lambda_18_r200,100.0
0.1,DPKI,cross-domain,18,595.752612274243,187.35918888780805,593.8493677987194,185.45594441228442,408.3934233864351,0.0,20.0,C:\Users\admin\Desktop\Blockchain_based DPKI platform\DPKI-and-DID-platform-Lenovo\chain33-dpki-real-experiment\outputs\real_sweeps\lambda_experiment\scout_aggressive_three_lambdap_120_100_90_r200_lambda20_blockms_100_lambda_20_r200,100.0
0.1,DPKI,intra-off-chain,122,63.99230736884915,63.99230736884915,62.43916556483409,62.43916556483409,0.0,0.0,20.0,C:\Users\admin\Desktop\Blockchain_based DPKI platform\DPKI-and-DID-platform-Lenovo\chain33-dpki-real-experiment\outputs\real_sweeps\lambda_experiment\scout_aggressive_three_lambdap_120_100_90_r200_lambda20_blockms_100_lambda_20_r200,100.0
0.1,DPKI,intra-on-chain,40,612.7003073994458,199.5130375057459,610.9392173622191,197.7519474685192,413.18726989369986,0.0,20.0,C:\Users\admin\Desktop\Blockchain_based DPKI platform\DPKI-and-DID-platform-Lenovo\chain33-dpki-real-experiment\outputs\real_sweeps\lambda_experiment\scout_aggressive_three_lambdap_120_100_90_r200_lambda20_blockms_100_lambda_20_r200,100.0
0.1,DPKI,management,20,806.7821914068467,393.88644499182703,728.5249363533264,315.6291899383068,412.8957464150196,0.0,20.0,C:\Users\admin\Desktop\Blockchain_based DPKI platform\DPKI-and-DID-platform-Lenovo\chain33-dpki-real-experiment\outputs\real_sweeps\lambda_experiment\scout_aggressive_three_lambdap_120_100_90_r200_lambda20_blockms_100_lambda_20_r200,100.0
0.1,DPKI,cross-domain,18,181.02442224158182,181.02442224158182,179.69403335783215,179.69403335783215,0.0,0.0,2.0,C:\Users\admin\Desktop\Blockchain_based DPKI platform\DPKI-and-DID-platform-Lenovo\chain33-dpki-real-experiment\outputs\real_sweeps\lambda_experiment\scout_aggressive_three_lambdap_120_100_90_r200_lambda20_blockms_90_lambda_2_r200,90.0
0.1,DPKI,intra-off-chain,122,63.82673359308087,63.82673359308087,62.136830310352515,62.136830310352515,0.0,0.0,2.0,C:\Users\admin\Desktop\Blockchain_based DPKI platform\DPKI-and-DID-platform-Lenovo\chain33-dpki-real-experiment\outputs\real_sweeps\lambda_experiment\scout_aggressive_three_lambdap_120_100_90_r200_lambda20_blockms_90_lambda_2_r200,90.0
0.1,DPKI,intra-on-chain,40,166.99899730168346,166.42967499792576,165.330759779439,164.7614374756813,0.56932230375769,0.0,2.0,C:\Users\admin\Desktop\Blockchain_based DPKI platform\DPKI-and-DID-platform-Lenovo\chain33-dpki-real-experiment\outputs\real_sweeps\lambda_experiment\scout_aggressive_three_lambdap_120_100_90_r200_lambda20_blockms_90_lambda_2_r200,90.0
0.1,DPKI,management,20,364.69814281147757,360.70291500091554,298.2800927786235,294.28486496806147,3.995227810562028,0.0,2.0,C:\Users\admin\Desktop\Blockchain_based DPKI platform\DPKI-and-DID-platform-Lenovo\chain33-dpki-real-experiment\outputs\real_sweeps\lambda_experiment\scout_aggressive_three_lambdap_120_100_90_r200_lambda20_blockms_90_lambda_2_r200,90.0
0.1,DPKI,cross-domain,18,208.05847474894153,205.36208334896298,206.28663026916877,203.59023886919022,2.6963913999785394,0.0,4.0,C:\Users\admin\Desktop\Blockchain_based DPKI platform\DPKI-and-DID-platform-Lenovo\chain33-dpki-real-experiment\outputs\real_sweeps\lambda_experiment\scout_aggressive_three_lambdap_120_100_90_r200_lambda20_blockms_90_lambda_4_r200,90.0
0.1,DPKI,intra-off-chain,122,63.530277866809094,63.530277866809094,61.92877291949069,61.92877291949069,0.0,0.0,4.0,C:\Users\admin\Desktop\Blockchain_based DPKI platform\DPKI-and-DID-platform-Lenovo\chain33-dpki-real-experiment\outputs\real_sweeps\lambda_experiment\scout_aggressive_three_lambdap_120_100_90_r200_lambda20_blockms_90_lambda_4_r200,90.0
0.1,DPKI,intra-on-chain,40,172.45968489457204,165.00556749403478,170.866519920121,163.4124025195837,7.4541174005372905,0.0,4.0,C:\Users\admin\Desktop\Blockchain_based DPKI platform\DPKI-and-DID-platform-Lenovo\chain33-dpki-real-experiment\outputs\real_sweeps\lambda_experiment\scout_aggressive_three_lambdap_120_100_90_r200_lambda20_blockms_90_lambda_4_r200,90.0
0.1,DPKI,management,20,382.50011449038965,379.67614499926566,322.0738744693993,319.2499049782753,2.8239694911239894,0.0,4.0,C:\Users\admin\Desktop\Blockchain_based DPKI platform\DPKI-and-DID-platform-Lenovo\chain33-dpki-real-experiment\outputs\real_sweeps\lambda_experiment\scout_aggressive_three_lambdap_120_100_90_r200_lambda20_blockms_90_lambda_4_r200,90.0
0.1,DPKI,cross-domain,18,189.45630050836593,185.32979443338184,187.90937831473275,183.78287223974863,4.126506074984111,0.0,6.0,C:\Users\admin\Desktop\Blockchain_based DPKI platform\DPKI-and-DID-platform-Lenovo\chain33-dpki-real-experiment\outputs\real_sweeps\lambda_experiment\scout_aggressive_three_lambdap_120_100_90_r200_lambda20_blockms_90_lambda_6_r200,90.0
0.1,DPKI,intra-off-chain,122,63.4143188449203,63.4143188449203,61.88157706182511,61.88157706182511,0.0,0.0,6.0,C:\Users\admin\Desktop\Blockchain_based DPKI platform\DPKI-and-DID-platform-Lenovo\chain33-dpki-real-experiment\outputs\real_sweeps\lambda_experiment\scout_aggressive_three_lambdap_120_100_90_r200_lambda20_blockms_90_lambda_6_r200,90.0
0.1,DPKI,intra-on-chain,40,196.08822739792933,194.71402001678945,194.50905240846748,193.13484502732754,1.3742073811399451,0.0,6.0,C:\Users\admin\Desktop\Blockchain_based DPKI platform\DPKI-and-DID-platform-Lenovo\chain33-dpki-real-experiment\outputs\real_sweeps\lambda_experiment\scout_aggressive_three_lambdap_120_100_90_r200_lambda20_blockms_90_lambda_6_r200,90.0
0.1,DPKI,management,20,371.7978780218143,358.3210249900818,298.9476780243893,285.47082499265673,13.476853031732594,0.0,6.0,C:\Users\admin\Desktop\Blockchain_based DPKI platform\DPKI-and-DID-platform-Lenovo\chain33-dpki-real-experiment\outputs\real_sweeps\lambda_experiment\scout_aggressive_three_lambdap_120_100_90_r200_lambda20_blockms_90_lambda_6_r200,90.0
0.1,DPKI,cross-domain,18,194.81897912759044,169.01357222265668,193.17302359811268,167.3676166931788,25.80540690493386,0.0,8.0,C:\Users\admin\Desktop\Blockchain_based DPKI platform\DPKI-and-DID-platform-Lenovo\chain33-dpki-real-experiment\outputs\real_sweeps\lambda_experiment\scout_aggressive_three_lambdap_120_100_90_r200_lambda20_blockms_90_lambda_8_r200,90.0
0.1,DPKI,intra-off-chain,122,64.88738606210615,64.88738606210615,63.427674566136034,63.427674566136034,0.0,0.0,8.0,C:\Users\admin\Desktop\Blockchain_based DPKI platform\DPKI-and-DID-platform-Lenovo\chain33-dpki-real-experiment\outputs\real_sweeps\lambda_experiment\scout_aggressive_three_lambdap_120_100_90_r200_lambda20_blockms_90_lambda_8_r200,90.0
0.1,DPKI,intra-on-chain,40,190.15808813564485,186.2905575066805,188.3422906368226,184.47476000785826,3.867530628964323,0.0,8.0,C:\Users\admin\Desktop\Blockchain_based DPKI platform\DPKI-and-DID-platform-Lenovo\chain33-dpki-real-experiment\outputs\real_sweeps\lambda_experiment\scout_aggressive_three_lambdap_120_100_90_r200_lambda20_blockms_90_lambda_8_r200,90.0
0.1,DPKI,management,20,346.6094480471036,325.66813499331477,272.2691180304908,251.32780497670174,20.941313053789052,0.0,8.0,C:\Users\admin\Desktop\Blockchain_based DPKI platform\DPKI-and-DID-platform-Lenovo\chain33-dpki-real-experiment\outputs\real_sweeps\lambda_experiment\scout_aggressive_three_lambdap_120_100_90_r200_lambda20_blockms_90_lambda_8_r200,90.0
0.1,DPKI,cross-domain,18,279.14373760493294,219.91198333104452,277.8532376462058,218.6214833723174,59.23175427388838,0.0,10.0,C:\Users\admin\Desktop\Blockchain_based DPKI platform\DPKI-and-DID-platform-Lenovo\chain33-dpki-real-experiment\outputs\real_sweeps\lambda_experiment\scout_aggressive_three_lambdap_120_100_90_r200_lambda20_blockms_90_lambda_10_r200,90.0
0.1,DPKI,intra-off-chain,122,63.954684427527134,63.954684427527134,62.465100000139145,62.465100000139145,0.0,0.0,10.0,C:\Users\admin\Desktop\Blockchain_based DPKI platform\DPKI-and-DID-platform-Lenovo\chain33-dpki-real-experiment\outputs\real_sweeps\lambda_experiment\scout_aggressive_three_lambdap_120_100_90_r200_lambda20_blockms_90_lambda_10_r200,90.0
0.1,DPKI,intra-on-chain,40,250.22215132695663,180.4394200026989,248.85050881189363,179.06777748763562,69.78273132425804,0.0,10.0,C:\Users\admin\Desktop\Blockchain_based DPKI platform\DPKI-and-DID-platform-Lenovo\chain33-dpki-real-experiment\outputs\real_sweeps\lambda_experiment\scout_aggressive_three_lambdap_120_100_90_r200_lambda20_blockms_90_lambda_10_r200,90.0
0.1,DPKI,management,20,461.09121164259193,374.91587499976157,387.84516670283585,301.6698300600052,86.17533664283064,0.0,10.0,C:\Users\admin\Desktop\Blockchain_based DPKI platform\DPKI-and-DID-platform-Lenovo\chain33-dpki-real-experiment\outputs\real_sweeps\lambda_experiment\scout_aggressive_three_lambdap_120_100_90_r200_lambda20_blockms_90_lambda_10_r200,90.0
0.1,DPKI,cross-domain,18,215.65621082289783,168.92762221230402,213.89465529690617,167.16606668631235,46.72858861059381,0.0,12.0,C:\Users\admin\Desktop\Blockchain_based DPKI platform\DPKI-and-DID-platform-Lenovo\chain33-dpki-real-experiment\outputs\real_sweeps\lambda_experiment\scout_aggressive_three_lambdap_120_100_90_r200_lambda20_blockms_90_lambda_12_r200,90.0
0.1,DPKI,intra-off-chain,122,64.26813032588021,64.26813032588021,62.81170819724193,62.81170819724193,0.0,0.0,12.0,C:\Users\admin\Desktop\Blockchain_based DPKI platform\DPKI-and-DID-platform-Lenovo\chain33-dpki-real-experiment\outputs\real_sweeps\lambda_experiment\scout_aggressive_three_lambdap_120_100_90_r200_lambda20_blockms_90_lambda_12_r200,90.0
0.1,DPKI,intra-on-chain,40,237.46357144888648,189.28924999535084,235.59861146684892,187.42429001331328,48.17432145353564,0.0,12.0,C:\Users\admin\Desktop\Blockchain_based DPKI platform\DPKI-and-DID-platform-Lenovo\chain33-dpki-real-experiment\outputs\real_sweeps\lambda_experiment\scout_aggressive_three_lambdap_120_100_90_r200_lambda20_blockms_90_lambda_12_r200,90.0
0.1,DPKI,management,20,394.9351908130857,345.29347001314164,324.0897257549972,274.4480049550533,49.64172079994389,0.0,12.0,C:\Users\admin\Desktop\Blockchain_based DPKI platform\DPKI-and-DID-platform-Lenovo\chain33-dpki-real-experiment\outputs\real_sweeps\lambda_experiment\scout_aggressive_three_lambdap_120_100_90_r200_lambda20_blockms_90_lambda_12_r200,90.0
0.1,DPKI,cross-domain,18,164.85587461043332,156.7191277609931,163.09253569360192,154.95578884416156,8.13674684944034,0.0,14.0,C:\Users\admin\Desktop\Blockchain_based DPKI platform\DPKI-and-DID-platform-Lenovo\chain33-dpki-real-experiment\outputs\real_sweeps\lambda_experiment\scout_aggressive_three_lambdap_120_100_90_r200_lambda20_blockms_90_lambda_14_r200,90.0
0.1,DPKI,intra-off-chain,122,63.03483770714431,63.03483770714431,61.515134442047994,61.515134442047994,0.0,0.0,14.0,C:\Users\admin\Desktop\Blockchain_based DPKI platform\DPKI-and-DID-platform-Lenovo\chain33-dpki-real-experiment\outputs\real_sweeps\lambda_experiment\scout_aggressive_three_lambdap_120_100_90_r200_lambda20_blockms_90_lambda_14_r200,90.0
0.1,DPKI,intra-on-chain,40,195.47731404897735,177.88095249831676,193.94515902993248,176.3487974792719,17.596361550660607,0.0,14.0,C:\Users\admin\Desktop\Blockchain_based DPKI platform\DPKI-and-DID-platform-Lenovo\chain33-dpki-real-experiment\outputs\real_sweeps\lambda_experiment\scout_aggressive_three_lambdap_120_100_90_r200_lambda20_blockms_90_lambda_14_r200,90.0
0.1,DPKI,management,20,335.9302009298279,322.51595000624656,268.99586097735903,255.5816100537777,13.414250923581335,0.0,14.0,C:\Users\admin\Desktop\Blockchain_based DPKI platform\DPKI-and-DID-platform-Lenovo\chain33-dpki-real-experiment\outputs\real_sweeps\lambda_experiment\scout_aggressive_three_lambdap_120_100_90_r200_lambda20_blockms_90_lambda_14_r200,90.0
0.1,DPKI,cross-domain,18,305.65215740535666,178.10229444503784,304.44246856305995,176.89260560274124,127.5498629603187,0.0,16.0,C:\Users\admin\Desktop\Blockchain_based DPKI platform\DPKI-and-DID-platform-Lenovo\chain33-dpki-real-experiment\outputs\real_sweeps\lambda_experiment\scout_aggressive_three_lambdap_120_100_90_r200_lambda20_blockms_90_lambda_16_r200,90.0
0.1,DPKI,intra-off-chain,122,64.01295328237971,64.01295328237971,62.36032952636969,62.36032952636969,0.0,0.0,16.0,C:\Users\admin\Desktop\Blockchain_based DPKI platform\DPKI-and-DID-platform-Lenovo\chain33-dpki-real-experiment\outputs\real_sweeps\lambda_experiment\scout_aggressive_three_lambdap_120_100_90_r200_lambda20_blockms_90_lambda_16_r200,90.0
0.1,DPKI,intra-on-chain,40,316.02007997750945,198.39304251372815,314.4797924560279,196.85275499224662,117.62703746378129,0.0,16.0,C:\Users\admin\Desktop\Blockchain_based DPKI platform\DPKI-and-DID-platform-Lenovo\chain33-dpki-real-experiment\outputs\real_sweeps\lambda_experiment\scout_aggressive_three_lambdap_120_100_90_r200_lambda20_blockms_90_lambda_16_r200,90.0
0.1,DPKI,management,20,448.3486824358805,287.10555999875066,395.5957074250085,234.3525849878788,161.24312243712973,0.0,16.0,C:\Users\admin\Desktop\Blockchain_based DPKI platform\DPKI-and-DID-platform-Lenovo\chain33-dpki-real-experiment\outputs\real_sweeps\lambda_experiment\scout_aggressive_three_lambdap_120_100_90_r200_lambda20_blockms_90_lambda_16_r200,90.0
0.1,DPKI,cross-domain,18,472.0051386318615,184.90943335162268,470.5311719406323,183.43546666039362,287.0957052802387,0.0,18.0,C:\Users\admin\Desktop\Blockchain_based DPKI platform\DPKI-and-DID-platform-Lenovo\chain33-dpki-real-experiment\outputs\real_sweeps\lambda_experiment\scout_aggressive_three_lambdap_120_100_90_r200_lambda20_blockms_90_lambda_18_r200,90.0
0.1,DPKI,intra-off-chain,122,64.10570983710836,64.10570983710836,62.589945082781746,62.589945082781746,0.0,0.0,18.0,C:\Users\admin\Desktop\Blockchain_based DPKI platform\DPKI-and-DID-platform-Lenovo\chain33-dpki-real-experiment\outputs\real_sweeps\lambda_experiment\scout_aggressive_three_lambdap_120_100_90_r200_lambda20_blockms_90_lambda_18_r200,90.0
0.1,DPKI,intra-on-chain,40,454.04546613728144,192.34048251211644,452.4524386260424,190.74745500087738,261.7049836251649,0.0,18.0,C:\Users\admin\Desktop\Blockchain_based DPKI platform\DPKI-and-DID-platform-Lenovo\chain33-dpki-real-experiment\outputs\real_sweeps\lambda_experiment\scout_aggressive_three_lambdap_120_100_90_r200_lambda20_blockms_90_lambda_18_r200,90.0
0.1,DPKI,management,20,597.8704083549272,309.9647550046444,544.5962283479464,256.6905749976635,287.9056533502829,0.0,18.0,C:\Users\admin\Desktop\Blockchain_based DPKI platform\DPKI-and-DID-platform-Lenovo\chain33-dpki-real-experiment\outputs\real_sweeps\lambda_experiment\scout_aggressive_three_lambdap_120_100_90_r200_lambda20_blockms_90_lambda_18_r200,90.0
0.1,DPKI,cross-domain,18,483.85748788372206,191.67227778832117,482.33019895674965,190.1449888613489,292.1852100954008,0.0,20.0,C:\Users\admin\Desktop\Blockchain_based DPKI platform\DPKI-and-DID-platform-Lenovo\chain33-dpki-real-experiment\outputs\real_sweeps\lambda_experiment\scout_aggressive_three_lambdap_120_100_90_r200_lambda20_blockms_90_lambda_20_r200,90.0
0.1,DPKI,intra-off-chain,122,64.18596065532965,64.18596065532965,62.613601626919916,62.613601626919916,0.0,0.0,20.0,C:\Users\admin\Desktop\Blockchain_based DPKI platform\DPKI-and-DID-platform-Lenovo\chain33-dpki-real-experiment\outputs\real_sweeps\lambda_experiment\scout_aggressive_three_lambdap_120_100_90_r200_lambda20_blockms_90_lambda_20_r200,90.0
0.1,DPKI,intra-on-chain,40,471.56356672678584,193.11167750656605,469.7971867415725,191.34529752135276,278.45188922021964,0.0,20.0,C:\Users\admin\Desktop\Blockchain_based DPKI platform\DPKI-and-DID-platform-Lenovo\chain33-dpki-real-experiment\outputs\real_sweeps\lambda_experiment\scout_aggressive_three_lambdap_120_100_90_r200_lambda20_blockms_90_lambda_20_r200,90.0
0.1,DPKI,management,20,606.9783967709179,341.41342000961305,529.1177117144699,263.55273495316504,265.5649767613049,0.0,20.0,C:\Users\admin\Desktop\Blockchain_based DPKI platform\DPKI-and-DID-platform-Lenovo\chain33-dpki-real-experiment\outputs\real_sweeps\lambda_experiment\scout_aggressive_three_lambdap_120_100_90_r200_lambda20_blockms_90_lambda_20_r200,90.0
