epsilon,DPKI_upper_theory,DPKI_lower_theory,PKI_theory,PKI_rho,DPKI_sim,PKI_sim,PKI_sim_raw,pkiNetworkCompensationSec,pkiNetworkCompensationMs,pkiAuthNetworkSetupMs,pkiOcspNetworkRttMs,pkiAuthCount,pkiOcspCount,pkiCompleted,sourceRun,lambdaTotalMeasured,pManageMeasured,gammaOnChainMeasured,qManageMeasured,muModelOffchainAuthMeasured,lambdaBlockMeasured,serviceCAs,pkiMuPrimaryAuthMeasured,pkiQManageMeasured,pkiMuCrossExtraCertificateMeasured,calibrationScope
0.0,0.0968118345371198,0.0801758995536228,0.0611868037869378,0.0438320224804506,0.0918255763999521,0.061223281904207796,0.0586267121002078,0.002596569804,2.5965698039999996,1.48386291,1.40121465,900.0,900.0,1000.0,epsilon_lambdap30,,,,,,,,,,,
0.005050505050505,0.0970462372877304,0.0802498832865778,0.0619039157580521,0.0438320224804506,,,,,,,,,,,epsilon_lambdap30,,,,,,,,,,,
0.0101010101010101,0.0972812786104259,0.0803241978144228,0.0626210277291664,0.0438320224804506,,,,,,,,,,,epsilon_lambdap30,,,,,,,,,,,
0.0151515151515151,0.0975169594697519,0.0803988437650756,0.0633381397002807,0.0438320224804506,,,,,,,,,,,epsilon_lambdap30,,,,,,,,,,,
0.0202020202020202,0.0977532808327036,0.0804738217680505,0.064055251671395,0.0438320224804506,,,,,,,,,,,epsilon_lambdap30,,,,,,,,,,,
0.0252525252525252,0.0979902436687333,0.080549132454463,0.0647723636425093,0.0438320224804506,,,,,,,,,,,epsilon_lambdap30,,,,,,,,,,,
0.0303030303030303,0.0982278489497584,0.0806247764570353,0.0654894756136235,0.0438320224804506,,,,,,,,,,,epsilon_lambdap30,,,,,,,,,,,
0.0353535353535353,0.0984660976501691,0.0807007544101007,0.0662065875847378,0.0438320224804506,,,,,,,,,,,epsilon_lambdap30,,,,,,,,,,,
0.0404040404040404,0.098704990746836,0.0807770669496093,0.0669236995558521,0.0438320224804506,,,,,,,,,,,epsilon_lambdap30,,,,,,,,,,,
0.0454545454545454,0.0989445292191184,0.0808537147131329,0.0676408115269664,0.0438320224804506,,,,,,,,,,,epsilon_lambdap30,,,,,,,,,,,
0.05,,,,,0.0938749608000218,0.0686203552816609,0.0658346214999109,0.00278573378175,2.7857337817500003,1.48386291,1.40121465,900.0,1035.0,1000.0,epsilon_lambdap30,,,,,,,,,,,
0.0505050505050505,0.0991847140488717,0.0809306983398701,0.0683579234980807,0.0438320224804506,,,,,,,,,,,epsilon_lambdap30,,,,,,,,,,,
0.0555555555555555,0.0994255462204558,0.0810080184706512,0.0690750354691949,0.0438320224804506,,,,,,,,,,,epsilon_lambdap30,,,,,,,,,,,
0.0606060606060606,0.0996670267207427,0.0810856757479441,0.0697921474403092,0.0438320224804506,,,,,,,,,,,epsilon_lambdap30,,,,,,,,,,,
0.0656565656565656,0.0999091565391245,0.0811636708158586,0.0705092594114235,0.0438320224804506,,,,,,,,,,,epsilon_lambdap30,,,,,,,,,,,
0.0707070707070707,0.1001519366675216,0.0812420043201522,0.0712263713825378,0.0438320224804506,,,,,,,,,,,epsilon_lambdap30,,,,,,,,,,,
0.0757575757575757,0.1003953681003904,0.0813206769082352,0.0719434833536521,0.0438320224804506,,,,,,,,,,,epsilon_lambdap30,,,,,,,,,,,
0.0808080808080808,0.1006394518347319,0.0813996892291756,0.0726605953247663,0.0438320224804506,,,,,,,,,,,epsilon_lambdap30,,,,,,,,,,,
0.0858585858585858,0.1008841888700994,0.0814790419337051,0.0733777072958806,0.0438320224804506,,,,,,,,,,,epsilon_lambdap30,,,,,,,,,,,
0.0909090909090909,0.1011295802086064,0.0815587356742235,0.0740948192669949,0.0438320224804506,,,,,,,,,,,epsilon_lambdap30,,,,,,,,,,,
0.0959595959595959,0.1013756268549356,0.0816387711048049,0.0748119312381092,0.0438320224804506,,,,,,,,,,,epsilon_lambdap30,,,,,,,,,,,
0.1,,,,,0.0956729169998168,0.0754282284593312,0.0724533306998312,0.0029748977595,2.9748977595,1.48386291,1.40121465,900.0,1170.0,1000.0,epsilon_lambdap30,,,,,,,,,,,
0.101010101010101,0.101622329816346,0.0817191488812022,0.0755290432092235,0.0438320224804506,,,,,,,,,,,epsilon_lambdap30,,,,,,,,,,,
0.106060606060606,0.1018696901026822,0.081799869660853,0.0762461551803378,0.0438320224804506,,,,,,,,,,,epsilon_lambdap30,,,,,,,,,,,
0.1111111111111111,0.1021177087263819,0.0818809341028848,0.076963267151452,0.0438320224804506,,,,,,,,,,,epsilon_lambdap30,,,,,,,,,,,
0.1161616161616161,0.1023663867024843,0.0819623428681204,0.0776803791225663,0.0438320224804506,,,,,,,,,,,epsilon_lambdap30,,,,,,,,,,,
0.1212121212121212,0.1026157250486388,0.0820440966190832,0.0783974910936806,0.0438320224804506,,,,,,,,,,,epsilon_lambdap30,,,,,,,,,,,
0.1262626262626262,0.102865724785113,0.0821261960200029,0.0791146030647949,0.0438320224804506,,,,,,,,,,,epsilon_lambdap30,,,,,,,,,,,
0.1313131313131313,0.1031163869348012,0.0822086417368207,0.0798317150359092,0.0438320224804506,,,,,,,,,,,epsilon_lambdap30,,,,,,,,,,,
0.1363636363636363,0.1033677125232327,0.0822914344371948,0.0805488270070234,0.0438320224804506,,,,,,,,,,,epsilon_lambdap30,,,,,,,,,,,
0.1414141414141414,0.1036197025785806,0.0823745747905061,0.0812659389781377,0.0438320224804506,,,,,,,,,,,epsilon_lambdap30,,,,,,,,,,,
0.1464646464646464,0.1038723581316697,0.0824580634678635,0.081983050949252,0.0438320224804506,,,,,,,,,,,epsilon_lambdap30,,,,,,,,,,,
0.15,,,,,0.0988902828998416,0.08254003573721219,0.0793759739999622,0.00316406173725,3.16406173725,1.48386291,1.40121465,900.0,1305.0,1000.0,epsilon_lambdap30,,,,,,,,,,,
0.1515151515151515,0.1041256802159855,0.0825419011421093,0.0827001629203663,0.0438320224804506,,,,,,,,,,,epsilon_lambdap30,,,,,,,,,,,
0.1565656565656565,0.1043796698676826,0.0826260884878253,0.0834172748914806,0.0438320224804506,,,,,,,,,,,epsilon_lambdap30,,,,,,,,,,,
0.1616161616161616,0.1046343281255935,0.082710626181338,0.0841343868625948,0.0438320224804506,,,,,,,,,,,epsilon_lambdap30,,,,,,,,,,,
0.1666666666666666,0.1048896560312365,0.082795514900724,0.0848514988337091,0.0438320224804506,,,,,,,,,,,epsilon_lambdap30,,,,,,,,,,,
0.1717171717171717,0.1051456546288251,0.0828807553258162,0.0855686108048234,0.0438320224804506,,,,,,,,,,,epsilon_lambdap30,,,,,,,,,,,
0.1767676767676768,0.1054023249652765,0.0829663481382087,0.0862857227759377,0.0438320224804506,,,,,,,,,,,epsilon_lambdap30,,,,,,,,,,,
0.1818181818181818,0.1056596680902199,0.0830522940212634,0.087002834747052,0.0438320224804506,,,,,,,,,,,epsilon_lambdap30,,,,,,,,,,,
0.1868686868686868,0.1059176850560061,0.0831385936601148,0.0877199467181662,0.0438320224804506,,,,,,,,,,,epsilon_lambdap30,,,,,,,,,,,
0.1919191919191919,0.1061763769177151,0.0832252477416762,0.0884370586892805,0.0438320224804506,,,,,,,,,,,epsilon_lambdap30,,,,,,,,,,,
0.196969696969697,0.106435744733166,0.0833122569546454,0.0891541706603948,0.0438320224804506,,,,,,,,,,,epsilon_lambdap30,,,,,,,,,,,
0.2,,,,,0.1012000186001062,0.08932373731500261,0.0859705116000026,0.0033532257150000002,3.353225715,1.48386291,1.40121465,900.0,1440.0,1000.0,epsilon_lambdap30,,,,,,,,,,,
0.202020202020202,0.1066957895629254,0.0833996219895103,0.0898712826315091,0.0438320224804506,,,,,,,,,,,epsilon_lambdap30,,,,,,,,,,,
0.2070707070707071,0.1069565124703161,0.0834873435385547,0.0905883946026234,0.0438320224804506,,,,,,,,,,,epsilon_lambdap30,,,,,,,,,,,
0.2121212121212121,0.1072179145214264,0.0835754222958642,0.0913055065737376,0.0438320224804506,,,,,,,,,,,epsilon_lambdap30,,,,,,,,,,,
0.2171717171717171,0.1074799967851188,0.0836638589573322,0.0920226185448519,0.0438320224804506,,,,,,,,,,,epsilon_lambdap30,,,,,,,,,,,
0.2222222222222222,0.107742760333039,0.0837526542206652,0.0927397305159662,0.0438320224804506,,,,,,,,,,,epsilon_lambdap30,,,,,,,,,,,
0.2272727272727273,0.1080062062396252,0.0838418087853891,0.0934568424870805,0.0438320224804506,,,,,,,,,,,epsilon_lambdap30,,,,,,,,,,,
0.2323232323232323,0.1082703355821167,0.0839313233528552,0.0941739544581948,0.0438320224804506,,,,,,,,,,,epsilon_lambdap30,,,,,,,,,,,
0.2373737373737374,0.1085351494405633,0.0840211986262457,0.094891066429309,0.0438320224804506,,,,,,,,,,,epsilon_lambdap30,,,,,,,,,,,
0.2424242424242424,0.1088006488978345,0.0841114353105798,0.0956081784004233,0.0438320224804506,,,,,,,,,,,epsilon_lambdap30,,,,,,,,,,,
0.2474747474747475,0.1090668350396285,0.0842020341127199,0.0963252903715376,0.0438320224804506,,,,,,,,,,,epsilon_lambdap30,,,,,,,,,,,
0.25,,,,,0.1049419716002196,0.0968347522926444,0.0932923625998944,0.00354238969275,3.54238969275,1.48386291,1.40121465,900.0,1575.0,1000.0,epsilon_lambdap30,,,,,,,,,,,
0.2525252525252525,0.1093337089544813,0.0842929957413773,0.0970424023426519,0.0438320224804506,,,,,,,,,,,epsilon_lambdap30,,,,,,,,,,,
0.2575757575757576,0.1096012717337762,0.0843843209071183,0.0977595143137662,0.0438320224804506,,,,,,,,,,,epsilon_lambdap30,,,,,,,,,,,
0.2626262626262626,0.109869524471753,0.0844760103223703,0.0984766262848804,0.0438320224804506,,,,,,,,,,,epsilon_lambdap30,,,,,,,,,,,
0.2676767676767677,0.1101384682655172,0.0845680647014276,0.0991937382559947,0.0438320224804506,,,,,,,,,,,epsilon_lambdap30,,,,,,,,,,,
0.2727272727272727,0.1104081042150493,0.0846604847604579,0.099910850227109,0.0438320224804506,,,,,,,,,,,epsilon_lambdap30,,,,,,,,,,,
0.2777777777777778,0.1106784334232145,0.0847532712175082,0.1006279621982233,0.0438320224804506,,,,,,,,,,,epsilon_lambdap30,,,,,,,,,,,
0.2828282828282829,0.1109494569957718,0.0848464247925106,0.1013450741693376,0.0438320224804506,,,,,,,,,,,epsilon_lambdap30,,,,,,,,,,,
0.2878787878787879,0.1112211760413835,0.0849399462072891,0.1020621861404519,0.0438320224804506,,,,,,,,,,,epsilon_lambdap30,,,,,,,,,,,
0.2929292929292929,0.1114935916716251,0.0850338361855652,0.1027792981115661,0.0438320224804506,,,,,,,,,,,epsilon_lambdap30,,,,,,,,,,,
0.297979797979798,0.1117667050009941,0.0851280954529646,0.1034964100826804,0.0438320224804506,,,,,,,,,,,epsilon_lambdap30,,,,,,,,,,,
0.3,,,,,0.1077331780997216,0.1030844162700814,0.0993528625995814,0.0037315536705,3.7315536705,1.48386291,1.40121465,900.0,1710.0,1000.0,epsilon_lambdap30,,,,,,,,,,,
0.303030303030303,0.1120405171469201,0.0852227247370229,0.1042135220537947,0.0438320224804506,,,,,,,,,,,epsilon_lambdap30,,,,,,,,,,,
0.3080808080808081,0.1123150292297745,0.0853177247671921,0.104930634024909,0.0438320224804506,,,,,,,,,,,epsilon_lambdap30,,,,,,,,,,,
0.3131313131313131,0.1125902423728797,0.0854130962748472,0.1056477459960233,0.0438320224804506,,,,,,,,,,,epsilon_lambdap30,,,,,,,,,,,
0.3181818181818182,0.1128661577025191,0.0855088399932919,0.1063648579671376,0.0438320224804506,,,,,,,,,,,epsilon_lambdap30,,,,,,,,,,,
0.3232323232323232,0.1131427763479466,0.0856049566577652,0.1070819699382518,0.0438320224804506,,,,,,,,,,,epsilon_lambdap30,,,,,,,,,,,
0.3282828282828283,0.1134200994413967,0.085701447005448,0.1077990819093661,0.0438320224804506,,,,,,,,,,,epsilon_lambdap30,,,,,,,,,,,
0.3333333333333333,0.113698128118094,0.085798311775469,0.1085161938804804,0.0438320224804506,,,,,,,,,,,epsilon_lambdap30,,,,,,,,,,,
0.3383838383838384,0.1139768635162632,0.0858955517089115,0.1092333058515947,0.0438320224804506,,,,,,,,,,,epsilon_lambdap30,,,,,,,,,,,
0.3434343434343435,0.1142563067771389,0.0859931675488195,0.109950417822709,0.0438320224804506,,,,,,,,,,,epsilon_lambdap30,,,,,,,,,,,
0.3484848484848485,0.1145364590449753,0.0860911600402045,0.1106675297938232,0.0438320224804506,,,,,,,,,,,epsilon_lambdap30,,,,,,,,,,,
0.35,,,,,0.1111292620998174,0.1107845338482232,0.1068638161999732,0.00392071764825,3.92071764825,1.48386291,1.40121465,900.0,1845.0,1000.0,epsilon_lambdap30,,,,,,,,,,,
0.3535353535353536,0.1148173214670568,0.0861895299300516,0.1113846417649375,0.0438320224804506,,,,,,,,,,,epsilon_lambdap30,,,,,,,,,,,
0.3585858585858586,0.1150988951937072,0.0862882779673263,0.1121017537360518,0.0438320224804506,,,,,,,,,,,epsilon_lambdap30,,,,,,,,,,,
0.3636363636363636,0.1153811813783005,0.0863874049029809,0.1128188657071661,0.0438320224804506,,,,,,,,,,,epsilon_lambdap30,,,,,,,,,,,
0.3686868686868687,0.1156641811772702,0.0864869114899611,0.1135359776782804,0.0438320224804506,,,,,,,,,,,epsilon_lambdap30,,,,,,,,,,,
0.3737373737373737,0.1159478957501201,0.0865867984832124,0.1142530896493946,0.0438320224804506,,,,,,,,,,,epsilon_lambdap30,,,,,,,,,,,
0.3787878787878788,0.116232326259434,0.0866870666396872,0.1149702016205089,0.0438320224804506,,,,,,,,,,,epsilon_lambdap30,,,,,,,,,,,
0.3838383838383838,0.1165174738708862,0.0867877167183508,0.1156873135916232,0.0438320224804506,,,,,,,,,,,epsilon_lambdap30,,,,,,,,,,,
0.3888888888888889,0.1168033397532516,0.0868887494801883,0.1164044255627375,0.0438320224804506,,,,,,,,,,,epsilon_lambdap30,,,,,,,,,,,
0.393939393939394,0.1170899250784157,0.0869901656882115,0.1171215375338518,0.0438320224804506,,,,,,,,,,,epsilon_lambdap30,,,,,,,,,,,
0.398989898989899,0.1173772310213857,0.0870919661074656,0.1178386495049661,0.0438320224804506,,,,,,,,,,,epsilon_lambdap30,,,,,,,,,,,
0.4,,,,,0.1143267647999078,0.1177340147259285,0.1136241330999285,0.004109881626,4.109881626,1.48386291,1.40121465,900.0,1980.0,1000.0,epsilon_lambdap30,,,,,,,,,,,
0.4040404040404041,0.1176652587602999,0.0871941515050354,0.1185557614760803,0.0438320224804506,,,,,,,,,,,epsilon_lambdap30,,,,,,,,,,,
0.4090909090909091,0.1179540094764387,0.0872967226500528,0.1192728734471946,0.0438320224804506,,,,,,,,,,,epsilon_lambdap30,,,,,,,,,,,
0.4141414141414142,0.1182434843542351,0.087399680313703,0.1199899854183089,0.0438320224804506,,,,,,,,,,,epsilon_lambdap30,,,,,,,,,,,
0.4191919191919192,0.1185336845812848,0.0875030252692317,0.1207070973894232,0.0438320224804506,,,,,,,,,,,epsilon_lambdap30,,,,,,,,,,,
0.4242424242424242,0.1188246113483568,0.087606758291952,0.1214242093605374,0.0438320224804506,,,,,,,,,,,epsilon_lambdap30,,,,,,,,,,,
0.4292929292929293,0.1191162658494045,0.0877108801592506,0.1221413213316517,0.0438320224804506,,,,,,,,,,,epsilon_lambdap30,,,,,,,,,,,
0.4343434343434343,0.1194086492815755,0.0878153916505957,0.122858433302766,0.0438320224804506,,,,,,,,,,,epsilon_lambdap30,,,,,,,,,,,
0.4393939393939394,0.1197017628452229,0.0879202935475432,0.1235755452738803,0.0438320224804506,,,,,,,,,,,epsilon_lambdap30,,,,,,,,,,,
0.4444444444444445,0.1199956077439156,0.0880255866337439,0.1242926572449946,0.0438320224804506,,,,,,,,,,,epsilon_lambdap30,,,,,,,,,,,
0.4494949494949495,0.1202901851844492,0.0881312716949505,0.1250097692161089,0.0438320224804506,,,,,,,,,,,epsilon_lambdap30,,,,,,,,,,,
0.45,,,,,0.1173236905001401,0.12537903720357801,0.121079991599828,0.00429904560375,4.29904560375,1.48386291,1.40121465,900.0,2115.0,1000.0,epsilon_lambdap30,,,,,,,,,,,
0.4545454545454546,0.1205854963768569,0.0882373495190246,0.1257268811872231,0.0438320224804506,,,,,,,,,,,epsilon_lambdap30,,,,,,,,,,,
0.4595959595959596,0.1208815425344201,0.0883438208959437,0.1264439931583374,0.0438320224804506,,,,,,,,,,,epsilon_lambdap30,,,,,,,,,,,
0.4646464646464647,0.1211783248736795,0.0884506866178083,0.1271611051294517,0.0438320224804506,,,,,,,,,,,epsilon_lambdap30,,,,,,,,,,,
0.4696969696969697,0.1214758446144457,0.0885579474788491,0.127878217100566,0.0438320224804506,,,,,,,,,,,epsilon_lambdap30,,,,,,,,,,,
0.4747474747474748,0.1217741029798105,0.0886656042754339,0.1285953290716803,0.0438320224804506,,,,,,,,,,,epsilon_lambdap30,,,,,,,,,,,
0.4797979797979798,0.1220731011961577,0.088773657806075,0.1293124410427945,0.0438320224804506,,,,,,,,,,,epsilon_lambdap30,,,,,,,,,,,
0.4848484848484848,0.1223728404931742,0.0888821088714362,0.1300295530139088,0.0438320224804506,,,,,,,,,,,epsilon_lambdap30,,,,,,,,,,,
0.4898989898989899,0.1226733221038612,0.0889909582743402,0.1307466649850231,0.0438320224804506,,,,,,,,,,,epsilon_lambdap30,,,,,,,,,,,
0.494949494949495,0.122974547264545,0.0891002068197756,0.1314637769561374,0.0438320224804506,,,,,,,,,,,epsilon_lambdap30,,,,,,,,,,,
0.5,0.1232765172148886,0.0892098553149044,0.1321808889272517,0.0438320224804506,0.1185361426999419,0.1325699168816116,0.1280817073001116,0.004488209581500001,4.4882095815000005,1.48386291,1.40121465,900.0,2250.0,1000.0,epsilon_lambdap30,,,,,,,,,,,
0.55,0.1002793420685019,0.0694064523116261,0.12646700572591293,0.03939775144253532,0.1004535193998217,0.1288329202602341,0.1241555467009842,0.0046773735592499,4.6773735592499,1.48386291,1.40121465,900.0,2385.0,1000.0,epsilon_lambdap30_extra_0p55_0p60,2.9591594006322444,0.1,0.29876543209876544,0.30733994052296376,20.5352336568779,29.977725523078966,4.0,20.502757066091643,0.5211561750251901,20.948453944573938,per-epsilon+local-ocsp-network-compensation
0.6,0.10324551985093093,0.07073972633569718,0.13238633704587963,0.038469489083483174,0.1034528674992323,0.1353158756376419,0.1304493381006419,0.004866537537,4.866537537,1.48386291,1.40121465,900.0,2520.0,1000.0,epsilon_lambdap30_extra_0p55_0p60,2.9216913765223733,0.1,0.3,0.3223820120647038,19.999762859961322,29.977725523078966,4.0,20.597920203848304,0.5410102501692542,20.904364379686555,per-epsilon+local-ocsp-network-compensation
